playerid,Name,Team,G,PA,HR,R,RBI,SB,BB%,K%,ISO,BABIP,AVG,OBP,SLG,OPS,wOBA,wRC+,BsR,Off,Def,WAR
13611,Mookie Betts,Red Sox,136,614,32,129,80,30,13.2 %,14.8 %,0.294,0.368,0.346,0.438,0.640,1.078,0.449,185,6.90,69.10,11.60,10.40
14811,Luke Voit,- - -,47,161,15,30,36,0,10.6 %,26.7 %,0.350,0.365,0.322,0.398,0.671,1.069,0.447,187,0.40,17.10,-3.70,1.90
10155,Mike Trout,Angels,140,608,39,101,79,24,20.1 %,20.4 %,0.316,0.346,0.312,0.460,0.628,1.088,0.447,191,5.00,71.10,4.20,9.80
6184,J.D. Martinez,Red Sox,150,649,43,111,130,6,10.6 %,22.5 %,0.299,0.375,0.330,0.402,0.629,1.031,0.427,170,-4.10,50.30,-14.70,5.90
11477,Christian Yelich,Brewers,147,651,36,118,110,22,10.4 %,20.7 %,0.272,0.373,0.326,0.402,0.598,1.000,0.422,166,5.80,58.40,-5.10,7.60
13301,Max Muncy,Dodgers,137,481,35,75,79,3,16.4 %,27.2 %,0.319,0.299,0.263,0.391,0.582,0.973,0.407,162,3.10,39.30,-3.90,5.20
16442,Ryan O'Hearn,Royals,44,170,12,23,30,0,11.8 %,26.5 %,0.336,0.293,0.262,0.353,0.597,0.950,0.398,153,-1.70,9.20,-6.90,0.80
5235,Justin Turner,Dodgers,103,426,14,62,52,2,11.0 %,12.7 %,0.205,0.334,0.312,0.406,0.518,0.924,0.396,154,0.00,28.20,-0.90,4.20
17678,Alex Bregman,Astros,157,705,31,105,103,10,13.6 %,12.1 %,0.246,0.289,0.286,0.394,0.532,0.926,0.396,157,3.40,51.40,-0.60,7.60
20123,Juan Soto,Nationals,116,494,22,77,70,5,16.0 %,20.0 %,0.225,0.338,0.292,0.406,0.517,0.923,0.392,146,2.00,29.50,-9.30,3.70
13510,Jose Ramirez,Indians,157,698,39,110,105,34,15.2 %,11.5 %,0.282,0.252,0.270,0.387,0.552,0.939,0.391,146,12.00,50.60,4.60,8.00
15640,Aaron Judge,Yankees,112,498,27,77,67,6,15.3 %,30.5 %,0.249,0.368,0.278,0.392,0.528,0.919,0.391,149,1.40,30.30,2.30,5.10
9777,Nolan Arenado,Rockies,156,673,38,104,110,2,10.8 %,18.1 %,0.264,0.314,0.297,0.374,0.561,0.935,0.391,132,0.00,26.00,7.90,5.70
9218,Paul Goldschmidt,Diamondbacks,158,690,33,95,83,7,13.0 %,25.1 %,0.243,0.359,0.290,0.389,0.533,0.922,0.390,145,2.50,40.00,-12.00,5.10
19755,Shohei Ohtani,Angels,114,367,22,59,61,10,10.1 %,27.8 %,0.279,0.350,0.285,0.361,0.564,0.925,0.390,152,1.10,23.90,-8.90,2.80
18401,Ronald Acuna Jr.,Braves,111,487,26,78,64,16,9.2 %,25.3 %,0.259,0.352,0.293,0.366,0.552,0.917,0.388,143,2.80,28.40,-7.80,3.70
12927,Brandon Nimmo,Mets,140,535,17,77,47,9,15.0 %,26.2 %,0.219,0.351,0.263,0.404,0.483,0.886,0.385,149,1.90,33.80,-6.60,4.50
12564,Trevor Story,Rockies,157,656,37,88,108,27,7.2 %,25.6 %,0.276,0.345,0.291,0.348,0.567,0.914,0.384,127,1.80,23.50,4.80,5.00
12861,Anthony Rendon,Nationals,136,597,24,88,92,2,9.2 %,13.7 %,0.227,0.323,0.308,0.374,0.535,0.909,0.383,140,5.10,34.00,7.90,6.20
9957,Steve Pearce,- - -,76,251,11,35,42,0,11.6 %,16.3 %,0.228,0.303,0.284,0.378,0.512,0.890,0.382,140,1.20,13.30,-6.30,1.60
5361,Freddie Freeman,Braves,162,707,23,94,98,10,10.7 %,18.7 %,0.196,0.358,0.309,0.388,0.505,0.892,0.378,137,1.30,32.90,-4.30,5.20
15564,Tyler White,Astros,66,237,12,27,42,0,10.1 %,20.7 %,0.257,0.307,0.276,0.354,0.533,0.888,0.377,144,0.10,12.60,-5.50,1.50
11493,Manny Machado,- - -,162,709,37,84,107,14,9.9 %,14.7 %,0.241,0.304,0.297,0.367,0.538,0.905,0.377,141,1.20,35.70,2.00,6.20
12552,Eugenio Suarez,Reds,143,606,34,79,104,1,10.6 %,23.4 %,0.243,0.322,0.283,0.366,0.526,0.892,0.376,135,-4.10,22.00,-2.90,3.90
11579,Bryce Harper,Nationals,159,695,34,103,100,13,18.7 %,24.3 %,0.247,0.289,0.249,0.393,0.496,0.889,0.376,135,0.40,29.90,-18.10,3.50
8090,Matt Carpenter,Cardinals,156,677,36,111,81,4,15.1 %,23.3 %,0.266,0.291,0.257,0.374,0.523,0.897,0.375,138,1.30,33.00,-6.40,4.90
11342,Jesus Aguilar,Brewers,149,566,35,80,108,0,10.2 %,25.3 %,0.264,0.309,0.274,0.352,0.539,0.890,0.374,134,-3.60,19.90,-8.10,3.10
12161,Xander Bogaerts,Red Sox,136,580,23,72,103,8,9.5 %,17.6 %,0.234,0.317,0.288,0.360,0.522,0.883,0.373,133,-1.70,21.00,7.20,4.90
4314,Joey Votto,Reds,145,623,12,67,67,2,17.3 %,16.2 %,0.135,0.333,0.284,0.417,0.419,0.837,0.370,131,-3.80,19.60,-5.00,3.50
16505,Matt Chapman,Athletics,145,616,24,100,68,1,9.4 %,23.7 %,0.230,0.338,0.278,0.356,0.508,0.864,0.369,137,2.60,30.10,13.10,6.50
12916,Francisco Lindor,Indians,158,745,38,129,92,25,9.4 %,14.4 %,0.242,0.279,0.277,0.352,0.519,0.871,0.368,130,1.20,28.30,21.10,7.60
2136,David Peralta,Diamondbacks,146,614,30,75,87,4,7.8 %,20.2 %,0.223,0.328,0.293,0.352,0.516,0.868,0.368,130,0.30,22.80,-4.90,3.80
7859,Charlie Blackmon,Rockies,156,696,29,119,70,12,8.5 %,19.3 %,0.211,0.329,0.291,0.358,0.502,0.860,0.368,116,1.40,15.20,-10.10,2.80
15362,Jeff McNeil,Mets,63,248,3,35,19,7,5.6 %,9.7 %,0.142,0.359,0.329,0.381,0.471,0.852,0.368,137,5.50,16.70,1.90,2.70
5452,Ji-Man Choi,- - -,61,221,10,25,32,2,11.8 %,24.9 %,0.242,0.315,0.263,0.357,0.505,0.863,0.367,135,-0.80,8.40,-5.30,1.10
14274,Mitch Haniger,Mariners,157,683,26,90,93,8,10.2 %,21.7 %,0.208,0.336,0.285,0.366,0.493,0.859,0.367,138,0.10,31.10,-9.00,4.60
12979,Javier Baez,Cubs,160,645,34,101,111,21,4.5 %,25.9 %,0.264,0.347,0.290,0.326,0.554,0.881,0.366,131,3.90,28.00,3.60,5.30
13590,Jesse Winker,Reds,89,334,7,38,43,0,14.7 %,13.8 %,0.132,0.336,0.299,0.405,0.431,0.836,0.366,128,-2.20,9.30,-11.00,0.90
9112,Khris Davis,Athletics,151,654,48,98,123,0,9.0 %,26.8 %,0.302,0.261,0.247,0.326,0.549,0.874,0.365,135,-4.80,22.20,-18.50,2.60
3269,Robinson Cano,Mariners,80,348,10,44,50,0,9.2 %,13.5 %,0.168,0.329,0.303,0.374,0.471,0.845,0.364,136,1.10,16.00,1.10,2.90
5417,Jose Altuve,Astros,137,599,13,84,61,17,9.2 %,13.2 %,0.135,0.352,0.316,0.386,0.451,0.837,0.363,135,4.70,29.80,-1.90,4.90
16472,Rhys Hoskins,Phillies,153,660,34,89,96,5,13.2 %,22.7 %,0.251,0.272,0.246,0.354,0.496,0.850,0.363,129,2.10,25.40,-18.10,2.90
11737,Nicholas Castellanos,Tigers,157,678,23,88,89,2,7.2 %,22.3 %,0.202,0.361,0.298,0.354,0.500,0.854,0.363,130,3.20,27.80,-20.70,3.00
10339,Scooter Gennett,Reds,154,638,23,86,92,4,6.6 %,19.6 %,0.180,0.358,0.310,0.357,0.490,0.847,0.362,125,0.10,19.90,3.90,4.50
1433,Wilson Ramos,- - -,111,416,15,39,70,0,7.7 %,19.2 %,0.181,0.353,0.306,0.358,0.487,0.845,0.361,131,-11.10,4.50,2.70,2.10
15878,Miguel Andujar,Yankees,149,606,27,83,92,2,4.1 %,16.0 %,0.230,0.316,0.297,0.328,0.527,0.855,0.361,128,1.00,21.30,-15.50,2.70
2434,Nelson Cruz,Mariners,144,591,37,70,97,1,9.3 %,20.6 %,0.252,0.264,0.256,0.342,0.509,0.850,0.361,134,-4.70,19.30,-14.00,2.60
1744,Miguel Cabrera,Tigers,38,157,3,17,22,0,14.0 %,17.2 %,0.149,0.352,0.299,0.395,0.448,0.843,0.360,128,0.60,5.90,-3.90,0.70
5297,Aaron Hicks,Yankees,137,581,27,90,79,11,15.5 %,19.1 %,0.219,0.264,0.248,0.366,0.467,0.833,0.360,127,7.00,26.00,2.30,4.90
4949,Giancarlo Stanton,Yankees,158,705,38,102,100,5,9.9 %,29.9 %,0.243,0.333,0.266,0.343,0.509,0.852,0.360,127,-0.10,22.80,-5.30,4.20
14566,Franmil Reyes,Padres,87,285,16,36,31,0,8.4 %,28.1 %,0.218,0.345,0.280,0.340,0.498,0.838,0.360,129,-0.30,9.70,-7.20,1.20
9077,Lorenzo Cain,Brewers,141,620,10,90,38,30,11.5 %,15.2 %,0.109,0.357,0.308,0.395,0.417,0.813,0.359,124,6.40,24.60,10.70,5.70
4106,Michael Brantley,Indians,143,631,17,89,76,12,7.6 %,9.5 %,0.160,0.319,0.309,0.364,0.468,0.832,0.359,124,1.40,19.40,-6.10,3.50
3473,Anthony Rizzo,Cubs,153,665,25,74,101,6,10.5 %,12.0 %,0.187,0.287,0.283,0.376,0.470,0.846,0.359,125,-5.80,14.90,-8.10,2.90
15429,Kris Bryant,Cubs,102,457,13,59,52,2,10.5 %,23.4 %,0.188,0.342,0.272,0.374,0.460,0.834,0.359,125,-0.60,13.60,-5.30,2.30
2967,Tommy Pham,- - -,137,570,21,102,63,15,11.8 %,24.6 %,0.188,0.342,0.275,0.367,0.464,0.830,0.359,129,2.20,21.70,-0.70,4.00
11205,Adam Eaton,Nationals,95,370,5,55,33,9,10.3 %,17.3 %,0.110,0.364,0.301,0.394,0.411,0.805,0.358,123,1.20,11.50,-4.80,1.90
17128,Ramon Laureano,Athletics,48,176,5,27,19,7,9.1 %,28.4 %,0.186,0.388,0.288,0.358,0.474,0.832,0.357,129,4.10,10.20,4.40,2.10
13744,David Dahl,Rockies,77,271,16,31,48,5,7.0 %,25.1 %,0.261,0.311,0.273,0.325,0.534,0.859,0.357,109,0.10,3.30,-1.80,1.00
17901,Andrew Benintendi,Red Sox,148,661,16,103,87,21,10.7 %,16.0 %,0.174,0.328,0.290,0.366,0.465,0.830,0.357,122,4.30,21.90,-1.50,4.40
12005,Nick Martini,Athletics,55,179,1,26,19,0,11.7 %,20.1 %,0.118,0.379,0.296,0.397,0.414,0.811,0.357,129,1.20,7.30,-0.80,1.30
9549,David Freese,- - -,113,312,11,38,51,0,7.7 %,23.1 %,0.175,0.360,0.296,0.359,0.471,0.830,0.357,126,-1.30,8.60,0.70,2.00
7996,Jose Martinez,Cardinals,152,590,17,64,83,0,8.3 %,17.6 %,0.152,0.351,0.305,0.364,0.457,0.821,0.356,125,-1.60,16.60,-12.60,2.30
3174,Shin-Soo Choo,Rangers,146,665,21,83,62,6,13.8 %,23.5 %,0.170,0.330,0.264,0.377,0.434,0.810,0.355,118,0.40,14.80,-13.60,2.40
5275,Francisco Cervelli,Pirates,104,404,12,39,57,2,12.6 %,20.8 %,0.172,0.308,0.259,0.378,0.431,0.809,0.355,125,-1.70,10.50,1.60,2.60
7435,Ben Zobrist,Cubs,139,520,9,67,58,3,10.6 %,11.5 %,0.134,0.331,0.305,0.378,0.440,0.817,0.355,123,0.50,14.90,4.00,3.60
14221,Jorge Soler,Royals,61,257,9,27,28,3,10.9 %,26.8 %,0.202,0.340,0.265,0.354,0.466,0.820,0.354,123,-2.60,4.60,-3.90,1.00
11899,Joc Pederson,Dodgers,148,443,25,65,56,1,9.0 %,19.2 %,0.273,0.253,0.248,0.321,0.522,0.843,0.354,126,1.40,15.60,-3.00,2.70
14145,Daniel Robertson,Rays,88,340,9,46,34,2,12.6 %,22.6 %,0.152,0.328,0.262,0.382,0.415,0.797,0.354,127,0.70,11.80,0.30,2.40
12907,Gregory Polanco,Pirates,130,535,23,75,81,12,11.4 %,21.9 %,0.245,0.287,0.254,0.340,0.499,0.839,0.353,123,-1.00,14.30,-6.60,2.50
11739,J.T. Realmuto,Marlins,125,531,21,74,74,3,7.2 %,19.6 %,0.208,0.312,0.277,0.340,0.484,0.825,0.353,126,4.80,21.90,8.30,4.80
11368,Yasmani Grandal,Dodgers,140,518,24,65,68,2,13.9 %,23.9 %,0.225,0.278,0.241,0.349,0.466,0.815,0.352,125,-6.10,9.50,21.90,4.90
4220,Ryan Zimmerman,Nationals,85,323,13,33,51,1,9.3 %,17.0 %,0.222,0.284,0.264,0.337,0.486,0.824,0.351,118,-0.60,6.70,-3.70,1.40
13367,Stephen Piscotty,Athletics,151,605,27,78,88,2,6.9 %,18.8 %,0.223,0.290,0.267,0.331,0.491,0.821,0.351,125,-1.20,16.60,-7.20,3.00
11982,Travis Shaw,Brewers,152,587,32,73,86,5,13.3 %,18.4 %,0.239,0.242,0.241,0.345,0.480,0.825,0.351,119,0.60,13.90,2.50,3.60
6012,Didi Gregorius,Yankees,134,569,27,89,86,10,8.4 %,12.1 %,0.226,0.259,0.268,0.335,0.494,0.829,0.350,121,2.30,16.40,9.80,4.60
11281,Whit Merrifield,Royals,158,707,12,88,60,45,8.6 %,16.1 %,0.134,0.352,0.304,0.367,0.438,0.806,0.349,120,7.40,24.30,2.90,5.20
16997,Gleyber Torres,Yankees,123,484,24,54,77,6,8.7 %,25.2 %,0.209,0.321,0.271,0.340,0.480,0.820,0.349,120,-1.00,10.60,-7.90,1.90
9054,Justin Smoak,Blue Jays,147,594,25,67,77,0,14.0 %,26.3 %,0.216,0.297,0.242,0.350,0.457,0.808,0.349,121,-7.30,7.90,-11.30,1.70
14225,Yasiel Puig,Dodgers,125,444,23,60,63,15,8.1 %,19.6 %,0.227,0.286,0.267,0.327,0.494,0.820,0.349,123,0.10,12.40,-8.50,1.80
5222,Justin Upton,Angels,145,613,30,80,85,8,10.4 %,28.7 %,0.206,0.321,0.257,0.344,0.463,0.808,0.348,124,-0.10,17.30,-7.20,3.10
5631,Matt Kemp,Dodgers,146,506,21,62,85,0,7.1 %,22.7 %,0.190,0.339,0.290,0.338,0.481,0.818,0.348,122,-4.20,9.50,-9.60,1.60
13338,Omar Narvaez,White Sox,97,322,9,30,30,0,11.8 %,20.2 %,0.154,0.330,0.275,0.366,0.429,0.794,0.348,122,-3.20,5.10,-5.50,1.00
4418,Jed Lowrie,Athletics,157,680,23,78,99,0,11.5 %,18.8 %,0.181,0.304,0.267,0.353,0.448,0.801,0.347,122,0.20,18.40,7.10,4.90
9847,Andrew McCutchen,- - -,155,682,20,83,65,14,13.9 %,21.3 %,0.169,0.304,0.255,0.368,0.424,0.792,0.347,120,-5.00,11.70,-7.90,2.60
12546,C.J. Cron,Rays,140,560,30,68,74,1,6.6 %,25.9 %,0.240,0.293,0.253,0.323,0.493,0.816,0.347,122,-2.00,13.00,-10.60,2.10
12510,Curt Casali,Reds,52,156,4,15,16,0,7.7 %,20.5 %,0.157,0.352,0.293,0.355,0.450,0.805,0.347,115,-1.10,1.80,-1.60,0.50
14950,Johan Camargo,Braves,134,524,19,63,76,1,9.7 %,20.6 %,0.185,0.315,0.272,0.349,0.457,0.806,0.346,115,-2.80,7.10,8.20,3.30
2151,Edwin Encarnacion,Indians,137,579,32,74,107,3,10.9 %,22.8 %,0.228,0.265,0.246,0.336,0.474,0.810,0.346,115,-5.30,5.30,-14.30,1.00
16578,Yandy Diaz,Indians,39,120,1,15,15,0,9.2 %,15.8 %,0.110,0.371,0.312,0.375,0.422,0.797,0.346,115,-1.20,1.00,-2.90,0.20
6153,Eduardo Escobar,- - -,151,631,23,75,84,2,8.2 %,20.0 %,0.217,0.308,0.272,0.334,0.489,0.824,0.346,117,-1.40,11.00,2.10,3.50
15998,Cody Bellinger,Dodgers,162,632,25,84,76,14,10.9 %,23.9 %,0.210,0.313,0.260,0.343,0.470,0.814,0.345,120,4.10,19.80,-4.50,3.60
5038,Josh Donaldson,- - -,52,219,8,30,23,2,14.2 %,24.7 %,0.203,0.302,0.246,0.352,0.449,0.801,0.345,117,0.20,4.70,0.40,1.30
5930,Nick Markakis,Braves,162,705,14,78,93,1,10.2 %,11.3 %,0.143,0.318,0.297,0.366,0.440,0.806,0.345,114,-3.40,9.00,-6.40,2.60
13110,Yoenis Cespedes,Mets,38,157,9,20,29,3,8.3 %,31.8 %,0.234,0.333,0.262,0.325,0.496,0.821,0.345,122,2.60,6.80,-2.80,0.90
14128,Joey Gallo,Rangers,148,577,40,82,92,3,12.8 %,35.9 %,0.292,0.249,0.206,0.312,0.498,0.810,0.343,110,2.80,9.50,-1.50,2.80
16478,Kyle Schwarber,Cubs,137,510,26,64,61,4,15.3 %,27.5 %,0.229,0.288,0.238,0.356,0.467,0.823,0.343,115,1.10,10.30,4.30,3.20
15223,Adam Frazier,Pirates,113,352,10,52,35,1,8.2 %,15.1 %,0.179,0.305,0.277,0.342,0.456,0.798,0.343,116,0.20,7.20,0.00,1.90
16376,Michael Conforto,Mets,153,638,28,78,82,3,13.2 %,24.9 %,0.204,0.289,0.243,0.350,0.448,0.797,0.342,120,0.10,15.80,-6.70,3.00
4229,Howie Kendrick,Nationals,40,160,4,17,12,1,3.1 %,18.1 %,0.171,0.350,0.303,0.331,0.474,0.805,0.342,112,-2.30,0.10,-1.30,0.40
7619,Mark Reynolds,Nationals,86,235,13,26,40,0,10.2 %,27.2 %,0.228,0.288,0.248,0.328,0.476,0.803,0.342,112,-3.90,-0.40,-6.20,0.10
10472,Enrique Hernandez,Dodgers,145,462,21,67,52,3,10.8 %,16.9 %,0.214,0.266,0.256,0.336,0.470,0.806,0.342,118,3.80,14.10,2.90,3.20
4747,Curtis Granderson,- - -,123,403,13,60,38,2,13.4 %,26.3 %,0.190,0.311,0.242,0.351,0.431,0.782,0.341,116,-2.60,5.00,-9.80,0.90
10815,Jurickson Profar,Rangers,146,594,20,82,77,10,9.1 %,14.8 %,0.204,0.269,0.254,0.335,0.458,0.793,0.341,108,4.00,9.90,-1.40,2.90
13769,Adalberto Mondesi,Royals,75,291,14,47,37,32,3.8 %,26.5 %,0.222,0.335,0.276,0.306,0.498,0.804,0.341,114,5.10,10.00,7.70,2.80
8392,Daniel Descalso,Diamondbacks,138,423,13,54,57,0,15.1 %,26.0 %,0.198,0.300,0.238,0.353,0.436,0.789,0.341,111,2.20,8.20,-5.80,1.60
10762,Corey Dickerson,Pirates,135,533,13,65,55,8,3.9 %,15.0 %,0.175,0.333,0.300,0.330,0.474,0.804,0.341,115,-3.10,6.70,3.00,2.70
12155,Eddie Rosario,Twins,138,592,24,87,77,8,5.1 %,17.6 %,0.191,0.316,0.288,0.323,0.479,0.803,0.340,113,7.70,16.80,-3.70,3.40
10243,Randal Grichuk,Blue Jays,124,462,25,60,61,3,5.8 %,26.4 %,0.257,0.282,0.245,0.301,0.502,0.803,0.340,115,-0.40,8.00,-3.30,2.10
14344,Matt Olson,Athletics,162,660,29,85,84,2,10.6 %,24.7 %,0.207,0.292,0.247,0.335,0.453,0.788,0.340,117,-2.20,11.40,-0.50,3.40
12856,George Springer,Astros,140,620,22,102,71,6,10.3 %,19.7 %,0.169,0.303,0.265,0.346,0.434,0.780,0.340,119,-0.90,13.00,-4.80,2.90
11680,Elias Diaz,Pirates,82,277,10,33,34,0,7.6 %,14.4 %,0.167,0.302,0.286,0.339,0.452,0.792,0.340,114,0.40,5.30,3.80,1.80
15711,Tyler O'Neill,Cardinals,61,142,9,29,23,2,4.9 %,40.1 %,0.246,0.364,0.254,0.303,0.500,0.803,0.340,114,2.20,4.70,3.60,1.30
13608,Mallex Smith,Rays,141,544,2,65,40,40,8.6 %,18.0 %,0.110,0.366,0.296,0.367,0.406,0.773,0.339,117,6.60,17.90,-2.50,3.40
9345,Brock Holt,Red Sox,109,367,7,41,46,7,10.1 %,19.9 %,0.134,0.337,0.277,0.362,0.411,0.774,0.338,109,-4.80,-0.70,2.30,1.40
15464,Hunter Renfroe,Padres,117,441,26,53,68,2,6.8 %,24.7 %,0.256,0.271,0.248,0.302,0.504,0.805,0.338,114,-1.10,6.70,-5.40,1.60
7287,Carlos Gonzalez,Rockies,132,504,16,71,64,5,7.3 %,22.4 %,0.190,0.332,0.276,0.329,0.467,0.796,0.338,96,3.60,1.40,-0.50,1.70
4316,Daniel Murphy,- - -,91,351,12,40,42,3,5.7 %,11.4 %,0.155,0.308,0.299,0.336,0.454,0.790,0.338,110,-1.40,3.00,-6.20,0.80
9256,A.J. Pollock,Diamondbacks,113,460,21,61,65,13,6.7 %,21.7 %,0.228,0.284,0.257,0.316,0.484,0.800,0.338,110,3.90,9.30,0.90,2.50
13853,Joey Wendle,Rays,139,545,7,62,61,16,6.8 %,17.6 %,0.136,0.353,0.300,0.354,0.435,0.789,0.338,116,3.00,13.50,4.90,3.70
12225,Scott Schebler,Reds,107,430,17,55,49,4,9.1 %,23.0 %,0.184,0.301,0.255,0.337,0.439,0.777,0.337,109,0.30,5.00,-7.50,1.10
15676,Jose Abreu,White Sox,128,553,22,68,78,2,6.7 %,19.7 %,0.208,0.294,0.265,0.325,0.473,0.798,0.337,114,-1.50,8.00,-14.70,1.20
9241,Starling Marte,Pirates,145,606,20,81,72,33,5.8 %,18.0 %,0.182,0.312,0.277,0.327,0.460,0.787,0.337,113,2.10,11.40,5.20,3.70
13152,Jorge Polanco,Twins,77,333,6,38,42,7,7.5 %,18.6 %,0.139,0.345,0.288,0.345,0.427,0.773,0.336,110,-1.80,2.20,-0.50,1.30
13145,Josh Bell,Pirates,148,583,12,74,62,2,13.2 %,17.8 %,0.150,0.305,0.261,0.357,0.411,0.768,0.336,112,-3.30,5.00,-14.80,0.90
3298,Charlie Culberson,Braves,113,322,12,47,45,4,6.5 %,26.4 %,0.196,0.340,0.270,0.326,0.466,0.792,0.335,108,0.60,3.70,-4.40,1.00
8259,Kurt Suzuki,Braves,105,388,12,45,50,0,5.7 %,11.1 %,0.173,0.275,0.271,0.332,0.444,0.776,0.335,108,-0.60,3.00,-5.30,1.00
15654,Billy McKinney,- - -,38,132,6,14,13,1,8.3 %,25.0 %,0.210,0.296,0.252,0.318,0.462,0.780,0.335,112,-1.60,0.20,-4.90,0.00
13757,Chris Taylor,Dodgers,155,604,17,85,63,9,9.1 %,29.5 %,0.190,0.345,0.254,0.331,0.444,0.775,0.335,113,4.40,14.20,-3.20,3.10
11445,Mark Canha,Athletics,122,411,17,60,52,1,8.3 %,21.4 %,0.200,0.282,0.249,0.328,0.449,0.778,0.334,113,-0.50,6.00,-0.10,2.00
9393,Matt Adams,- - -,121,337,21,42,57,0,8.0 %,21.7 %,0.239,0.245,0.239,0.309,0.477,0.786,0.334,107,-1.70,1.40,-4.60,0.80
18882,Brandon Lowe,Rays,43,148,6,16,25,2,10.8 %,25.7 %,0.217,0.279,0.233,0.324,0.450,0.774,0.334,113,0.40,2.80,0.50,0.80
15191,Chad Pinder,Athletics,110,333,13,43,27,0,8.1 %,26.4 %,0.178,0.325,0.258,0.332,0.436,0.769,0.333,113,-0.10,5.00,1.40,1.80
3142,Robinson Chirinos,Rangers,113,426,18,48,65,2,10.6 %,32.9 %,0.197,0.304,0.222,0.338,0.419,0.757,0.333,103,-3.50,-1.90,-12.30,0.00
2396,Carlos Santana,Phillies,161,679,24,82,86,2,16.2 %,13.7 %,0.186,0.231,0.229,0.352,0.414,0.766,0.333,109,-0.10,7.20,-9.90,1.90
18289,Brian Anderson,Marlins,156,670,11,87,65,2,9.3 %,19.3 %,0.127,0.332,0.273,0.357,0.400,0.757,0.333,113,-0.60,10.10,2.10,3.40
5254,Robbie Grossman,Twins,129,465,5,50,48,0,12.9 %,17.8 %,0.111,0.329,0.273,0.367,0.384,0.751,0.333,108,-4.80,-0.30,-8.00,0.70
10816,Jedd Gyorko,Cardinals,125,402,11,49,47,2,10.9 %,19.2 %,0.154,0.303,0.262,0.346,0.416,0.762,0.333,110,-3.80,1.10,0.10,1.40
14477,Jake Cave,Twins,91,309,13,54,45,2,5.8 %,33.0 %,0.208,0.363,0.265,0.313,0.473,0.786,0.332,108,0.60,3.50,-0.80,1.30
15672,Austin Meadows,- - -,59,191,6,19,17,5,5.2 %,20.9 %,0.174,0.336,0.287,0.325,0.461,0.785,0.332,110,1.00,3.20,-7.70,0.20
4962,Asdrubal Cabrera,- - -,147,592,23,68,75,0,6.9 %,20.1 %,0.196,0.296,0.262,0.316,0.458,0.774,0.332,111,0.40,8.50,-1.40,2.70
16252,Trea Turner,Nationals,162,740,19,103,73,43,9.3 %,17.8 %,0.145,0.314,0.271,0.344,0.416,0.760,0.331,105,8.40,12.90,10.40,4.80
3410,Ryan Braun,Brewers,125,447,20,59,64,11,7.6 %,19.0 %,0.215,0.274,0.254,0.313,0.469,0.782,0.330,105,0.10,2.70,-3.90,1.30
8347,Denard Span,- - -,137,501,11,63,58,9,10.2 %,15.8 %,0.158,0.291,0.261,0.341,0.419,0.760,0.330,112,2.40,9.70,-11.50,1.50
13613,Ketel Marte,Diamondbacks,153,580,14,68,59,6,9.3 %,13.6 %,0.177,0.282,0.260,0.332,0.437,0.768,0.330,104,-1.00,2.10,3.70,2.50
3711,Eric Thames,Brewers,96,278,16,41,37,7,10.4 %,34.9 %,0.259,0.284,0.219,0.306,0.478,0.783,0.330,105,1.80,3.30,-3.40,0.90
8610,Kendrys Morales,Blue Jays,130,471,21,47,57,2,10.6 %,20.2 %,0.189,0.272,0.249,0.331,0.438,0.769,0.329,108,-5.40,-0.90,-12.70,0.20
17919,Ian Happ,Cubs,142,462,15,56,44,8,15.2 %,36.1 %,0.176,0.362,0.233,0.353,0.408,0.761,0.329,106,0.40,3.50,-4.00,1.50
14897,Daniel Palka,White Sox,124,449,27,56,67,2,6.7 %,34.1 %,0.245,0.308,0.240,0.294,0.484,0.778,0.329,109,-0.80,4.00,-12.10,0.70
4892,Mike Moustakas,- - -,152,635,28,66,95,4,7.7 %,16.2 %,0.208,0.259,0.251,0.315,0.459,0.774,0.329,105,-1.90,2.10,1.00,2.40
6876,Mark Trumbo,Orioles,90,358,17,41,44,0,6.7 %,24.3 %,0.191,0.303,0.261,0.313,0.452,0.764,0.329,107,-1.70,1.20,-10.20,0.30
12179,Maikel Franco,Phillies,131,465,22,48,68,1,6.2 %,13.3 %,0.196,0.270,0.270,0.314,0.467,0.780,0.328,105,-2.90,0.20,-3.40,1.20
13066,Teoscar Hernandez,Blue Jays,134,523,22,67,57,5,7.8 %,31.2 %,0.229,0.313,0.239,0.302,0.468,0.771,0.328,107,-1.30,3.10,-17.10,0.30
10047,Wil Myers,Padres,83,343,11,39,39,13,8.7 %,27.4 %,0.192,0.327,0.253,0.318,0.446,0.763,0.328,107,3.70,6.80,-2.40,1.60
15986,Willy Adames,Rays,85,323,10,43,34,6,9.6 %,29.4 %,0.128,0.378,0.278,0.348,0.406,0.754,0.328,109,1.00,4.60,-2.30,1.30
14894,Tony Kemp,Astros,97,295,6,37,30,9,10.8 %,14.9 %,0.129,0.296,0.263,0.351,0.392,0.743,0.327,110,-2.00,1.60,-3.00,0.90
639,Adrian Beltre,Rangers,119,481,15,49,65,1,7.1 %,20.0 %,0.162,0.312,0.273,0.328,0.434,0.763,0.327,99,-2.20,-3.00,-1.60,1.20
10324,Marcell Ozuna,Cardinals,148,628,23,69,88,3,6.1 %,17.5 %,0.153,0.309,0.280,0.325,0.433,0.758,0.327,106,4.40,8.90,-2.60,2.70
10264,Brandon Belt,Giants,112,456,14,50,46,4,10.7 %,23.5 %,0.160,0.311,0.253,0.342,0.414,0.756,0.327,107,3.20,6.90,-0.90,2.10
5933,Jean Segura,Mariners,144,632,10,91,63,20,5.1 %,10.9 %,0.111,0.327,0.304,0.341,0.415,0.755,0.327,111,0.50,8.50,7.30,3.80
10542,Derek Dietrich,Marlins,149,551,16,72,45,2,5.3 %,25.4 %,0.156,0.336,0.265,0.330,0.421,0.751,0.326,109,-0.30,5.50,-15.20,0.80
18030,Harrison Bader,Cardinals,138,427,12,61,37,15,7.3 %,29.3 %,0.158,0.358,0.264,0.334,0.422,0.756,0.326,106,7.60,10.60,10.20,3.50
16313,Yairo Munoz,Cardinals,108,329,8,39,42,5,9.1 %,21.6 %,0.137,0.338,0.276,0.350,0.413,0.763,0.326,106,-1.90,0.30,-10.50,0.00
4022,Melky Cabrera,Indians,78,278,6,28,39,1,7.2 %,13.7 %,0.140,0.303,0.280,0.335,0.420,0.755,0.326,102,-2.50,-1.90,-2.90,0.40
9166,Buster Posey,Giants,105,448,5,47,41,3,10.0 %,11.8 %,0.098,0.316,0.284,0.359,0.382,0.741,0.326,106,-3.80,-0.40,9.80,2.40
10847,Andrelton Simmons,Angels,146,600,11,68,75,10,5.8 %,7.3 %,0.125,0.300,0.292,0.337,0.417,0.754,0.326,109,1.10,7.30,26.10,5.50
9627,Yan Gomes,Indians,112,435,16,52,48,0,4.8 %,27.4 %,0.184,0.336,0.266,0.313,0.449,0.762,0.326,101,-1.30,-0.70,10.80,2.50
3086,Mitch Moreland,Red Sox,124,459,15,57,68,2,10.9 %,22.2 %,0.188,0.288,0.245,0.325,0.433,0.758,0.325,100,-4.10,-3.80,-5.10,0.60
11850,Tyler Austin,- - -,69,268,17,34,47,1,7.1 %,35.4 %,0.250,0.289,0.230,0.287,0.480,0.767,0.325,103,-0.40,0.50,-6.80,0.30
5677,A.J. Ellis,Padres,66,183,1,19,15,0,14.2 %,20.2 %,0.073,0.348,0.272,0.378,0.344,0.722,0.325,105,-1.60,-0.50,-6.40,-0.10
15161,Mitch Garver,Twins,103,335,7,38,45,0,8.7 %,21.5 %,0.146,0.330,0.268,0.335,0.414,0.749,0.325,102,-0.80,0.10,-9.10,0.20
12282,Rougned Odor,Rangers,129,535,18,76,63,12,8.0 %,23.7 %,0.171,0.305,0.253,0.326,0.424,0.751,0.325,97,0.10,-1.80,8.50,2.50
14330,Nick Williams,Phillies,140,448,17,53,50,3,7.1 %,24.8 %,0.170,0.312,0.256,0.324,0.425,0.749,0.324,103,0.40,2.00,-13.70,0.30
9744,Justin Bour,- - -,141,501,20,49,59,2,14.6 %,24.8 %,0.177,0.270,0.227,0.341,0.404,0.746,0.324,107,-6.20,-2.00,-9.20,0.50
1887,Jose Bautista,- - -,122,399,13,52,48,4,16.8 %,27.8 %,0.175,0.262,0.203,0.348,0.378,0.727,0.324,107,0.40,3.70,-6.80,1.00
13624,Corey Seager,Dodgers,26,115,2,13,13,0,9.6 %,14.8 %,0.129,0.301,0.267,0.348,0.396,0.744,0.324,106,-0.30,0.60,0.30,0.50
16556,Ozzie Albies,Braves,158,684,24,105,72,14,5.3 %,17.0 %,0.191,0.285,0.261,0.305,0.452,0.757,0.324,100,5.60,6.00,9.00,3.80
14553,Nomar Mazara,Rangers,128,536,20,61,77,1,7.5 %,21.6 %,0.178,0.298,0.258,0.317,0.436,0.753,0.324,96,-1.00,-3.30,-4.30,1.00
19198,Yuli Gurriel,Astros,136,573,13,70,85,5,4.0 %,11.0 %,0.138,0.306,0.291,0.323,0.428,0.751,0.323,107,-3.10,2.00,-9.50,1.20
13836,Matt Duffy,Rays,132,560,4,59,44,12,8.4 %,16.6 %,0.072,0.353,0.294,0.361,0.366,0.727,0.323,106,-3.80,0.30,4.90,2.40
11846,Leonys Martin,- - -,84,353,11,48,33,7,8.5 %,21.8 %,0.170,0.302,0.255,0.323,0.425,0.747,0.323,103,1.00,2.20,10.00,2.50
7007,Yadier Molina,Cardinals,123,503,20,55,74,4,5.8 %,13.1 %,0.174,0.264,0.261,0.314,0.436,0.750,0.323,103,-3.40,-1.40,7.80,2.30
12160,Ben Gamel,Mariners,101,293,1,37,19,7,10.6 %,20.8 %,0.097,0.352,0.272,0.358,0.370,0.728,0.323,108,1.00,3.80,-4.10,1.00
11738,Christian Villanueva,Padres,110,384,20,42,46,3,6.0 %,27.1 %,0.214,0.276,0.236,0.299,0.450,0.750,0.323,104,-1.00,0.90,-1.30,1.20
9874,DJ LeMahieu,Rockies,128,581,15,90,62,6,6.4 %,14.1 %,0.152,0.298,0.276,0.321,0.428,0.749,0.322,86,-1.60,-11.50,12.90,2.00
19238,Lourdes Gurriel Jr.,Blue Jays,65,263,11,30,35,1,3.4 %,22.4 %,0.165,0.326,0.281,0.309,0.446,0.755,0.322,103,-0.80,0.20,-4.90,0.40
12092,Niko Goodrum,Tigers,131,492,16,55,53,12,8.5 %,26.8 %,0.187,0.312,0.245,0.315,0.432,0.747,0.322,103,2.70,4.20,-9.60,1.10
16909,Colin Moran,Pirates,144,465,11,49,58,0,8.4 %,17.6 %,0.130,0.316,0.277,0.340,0.407,0.747,0.322,103,-4.00,-2.40,-5.30,0.70
14567,Franchy Cordero,Padres,40,154,7,19,19,5,9.1 %,35.7 %,0.201,0.338,0.237,0.307,0.439,0.746,0.322,104,2.00,2.70,-6.60,0.10
14503,Renato Nunez,- - -,73,261,8,28,22,0,7.3 %,23.8 %,0.161,0.315,0.258,0.322,0.419,0.741,0.322,101,-2.30,-1.90,5.20,1.20
12284,Kevan Smith,White Sox,52,187,3,21,21,1,5.3 %,9.6 %,0.088,0.311,0.292,0.348,0.380,0.728,0.322,104,-1.80,-1.00,-1.10,0.40
7226,Matt Davidson,White Sox,126,496,20,51,62,0,10.5 %,33.3 %,0.191,0.313,0.228,0.319,0.419,0.738,0.321,104,-2.20,0.10,-8.40,0.80
15937,Aledmys Diaz,Blue Jays,130,452,18,55,55,3,5.1 %,13.7 %,0.190,0.269,0.263,0.303,0.453,0.756,0.321,102,-3.20,-2.00,2.70,1.60
11609,Willson Contreras,Cubs,138,544,10,50,54,4,9.7 %,22.2 %,0.141,0.313,0.249,0.339,0.390,0.730,0.321,100,-5.00,-5.00,-3.30,0.90
18015,Paul DeJong,Cardinals,115,490,19,68,68,1,7.3 %,25.1 %,0.193,0.288,0.241,0.313,0.433,0.746,0.321,102,2.70,3.90,12.30,3.30
10556,Cesar Hernandez,Phillies,161,708,15,91,60,19,13.4 %,21.9 %,0.109,0.315,0.253,0.356,0.362,0.718,0.320,100,0.10,0.20,-0.90,2.20
8267,Chris Iannetta,Rockies,110,360,11,36,36,0,13.9 %,24.2 %,0.161,0.275,0.224,0.345,0.385,0.730,0.320,84,-3.50,-10.50,4.70,0.60
14140,Jose Rondon,White Sox,42,107,6,15,14,2,6.5 %,28.0 %,0.240,0.266,0.230,0.280,0.470,0.750,0.319,102,-2.10,-1.80,-0.60,0.10
4940,Jason Heyward,Cubs,127,489,8,67,57,1,8.6 %,12.3 %,0.125,0.297,0.270,0.335,0.395,0.731,0.319,99,4.30,3.70,0.70,2.00
10348,Domingo Santana,Brewers,85,235,5,21,20,1,8.5 %,32.8 %,0.147,0.386,0.265,0.328,0.412,0.740,0.319,97,0.10,-0.70,0.30,0.70
2530,Yonder Alonso,Indians,145,574,23,64,83,0,8.9 %,21.4 %,0.171,0.283,0.250,0.317,0.421,0.738,0.319,97,-0.90,-3.20,-8.60,0.70
13593,Jose Peraza,Reds,157,683,14,85,58,23,4.2 %,11.0 %,0.128,0.307,0.288,0.326,0.416,0.742,0.319,97,3.80,1.20,3.20,2.70
1857,Joe Mauer,Twins,127,543,6,64,48,0,9.4 %,15.8 %,0.097,0.330,0.282,0.351,0.379,0.729,0.319,98,-0.20,-1.20,-7.30,1.00
5497,Marwin Gonzalez,Astros,145,552,16,61,68,2,9.6 %,22.8 %,0.162,0.301,0.247,0.324,0.409,0.733,0.318,104,-2.70,-0.30,-2.50,1.60
12144,Max Kepler,Twins,156,611,20,80,58,4,11.6 %,15.7 %,0.184,0.236,0.224,0.319,0.408,0.727,0.316,97,0.80,-1.50,6.60,2.60
5827,Wilmer Flores,Mets,126,429,11,43,51,0,6.8 %,9.8 %,0.150,0.269,0.267,0.319,0.417,0.736,0.316,103,-4.20,-2.80,-6.30,0.50
13546,Roman Quinn,Phillies,50,143,2,13,12,10,7.0 %,24.5 %,0.153,0.340,0.260,0.317,0.412,0.729,0.316,97,-0.40,-0.90,-1.60,0.20
2502,Lucas Duda,- - -,107,367,14,35,50,1,7.6 %,27.8 %,0.177,0.302,0.241,0.313,0.418,0.731,0.315,97,-3.40,-4.80,-7.30,0.00
4579,Starlin Castro,Marlins,154,647,12,76,54,6,7.4 %,19.2 %,0.121,0.330,0.278,0.329,0.400,0.729,0.315,101,-1.70,-0.70,2.80,2.30
6368,Adam Jones,Orioles,145,613,15,54,63,7,3.9 %,15.2 %,0.138,0.311,0.281,0.313,0.419,0.732,0.315,98,-0.90,-2.60,-12.50,0.50
9134,Tyler Flowers,Braves,82,296,8,34,30,0,11.8 %,25.7 %,0.131,0.292,0.227,0.341,0.359,0.700,0.315,95,-0.60,-2.50,17.70,2.50
6885,Ian Desmond,Rockies,160,619,22,82,88,20,8.6 %,23.6 %,0.186,0.279,0.236,0.307,0.422,0.729,0.315,81,0.00,-14.30,-11.90,-0.70
14738,Phillip Ervin,Reds,78,247,7,27,31,6,8.1 %,24.3 %,0.151,0.310,0.252,0.324,0.404,0.728,0.315,94,2.40,0.70,-4.70,0.40
11859,Mason Williams,Reds,51,132,2,10,6,1,5.3 %,22.0 %,0.106,0.370,0.293,0.331,0.398,0.729,0.315,94,-0.70,-1.60,-2.60,0.00
11476,Odubel Herrera,Phillies,148,597,22,64,71,5,6.4 %,20.4 %,0.165,0.290,0.255,0.310,0.420,0.730,0.315,97,1.70,-0.80,-9.00,0.90
12532,Kolten Wong,Cardinals,127,407,9,41,38,6,7.6 %,14.7 %,0.139,0.275,0.249,0.332,0.388,0.720,0.314,98,0.30,-0.80,15.00,2.80
14593,David Bote,Cubs,74,210,6,23,33,3,9.0 %,28.6 %,0.168,0.314,0.239,0.319,0.408,0.727,0.314,95,-0.40,-1.60,5.00,1.00
12180,Jorge Alfaro,Phillies,108,377,10,35,37,3,4.8 %,36.6 %,0.145,0.406,0.262,0.324,0.407,0.731,0.314,96,0.90,-1.10,19.60,3.10
15491,J.P. Crawford,Phillies,49,138,3,17,12,2,9.4 %,26.8 %,0.179,0.286,0.214,0.319,0.393,0.712,0.313,96,0.70,0.00,-1.30,0.30
14162,Carlos Correa,Astros,110,468,15,60,65,3,11.3 %,23.7 %,0.167,0.282,0.239,0.323,0.405,0.728,0.313,101,-0.20,0.20,0.40,1.70
8553,Gerardo Parra,Rockies,142,443,6,52,53,11,7.2 %,16.9 %,0.087,0.334,0.284,0.342,0.372,0.714,0.313,80,-0.70,-11.80,-2.70,0.00
10059,Max Stassi,Astros,88,250,8,28,27,0,9.2 %,29.6 %,0.167,0.302,0.226,0.316,0.394,0.710,0.313,100,-1.70,-1.70,19.00,2.60
5409,Pablo Sandoval,Giants,92,252,9,22,40,0,7.5 %,20.6 %,0.170,0.282,0.248,0.310,0.417,0.727,0.312,97,-1.80,-2.70,-4.20,0.10
14388,Ronald Guzman,Rangers,123,428,16,46,58,1,7.7 %,28.3 %,0.181,0.299,0.235,0.306,0.416,0.722,0.312,88,1.20,-4.70,-4.30,0.50
10071,Jonathan Villar,- - -,141,515,14,54,46,35,8.0 %,26.8 %,0.124,0.339,0.260,0.325,0.384,0.709,0.312,94,3.30,-0.50,3.60,2.00
12775,Brad Miller,- - -,75,254,7,21,29,0,8.7 %,32.3 %,0.165,0.350,0.248,0.311,0.413,0.724,0.312,97,-1.10,-2.20,-5.60,0.00
3892,Josh Reddick,Astros,134,487,17,63,47,7,10.1 %,15.8 %,0.157,0.258,0.242,0.318,0.400,0.718,0.311,99,-0.10,-0.40,-4.60,1.10
12858,Brian Goodwin,- - -,75,180,6,20,25,4,8.9 %,31.7 %,0.151,0.330,0.239,0.318,0.390,0.708,0.311,93,-0.30,-1.80,2.00,0.60
17232,Yoan Moncada,White Sox,149,650,17,73,61,12,10.3 %,33.4 %,0.164,0.344,0.235,0.315,0.400,0.714,0.311,97,2.20,-0.30,-1.50,2.00
16411,Richard Urena,Blue Jays,40,108,1,10,6,2,6.5 %,29.6 %,0.071,0.424,0.293,0.340,0.364,0.703,0.311,95,-0.30,-0.90,0.60,0.30
13621,Jeimer Candelario,Tigers,144,619,19,78,54,3,10.7 %,25.8 %,0.169,0.279,0.224,0.317,0.393,0.710,0.311,95,2.80,-1.10,5.20,2.50
11003,Evan Gattis,Astros,128,451,25,49,78,1,7.3 %,22.4 %,0.226,0.232,0.226,0.284,0.452,0.736,0.311,99,-2.70,-3.30,-11.80,0.00
12547,John Hicks,Tigers,81,312,9,35,32,0,7.1 %,26.9 %,0.142,0.337,0.260,0.312,0.403,0.715,0.311,95,-2.30,-4.30,-7.10,-0.10
12984,Jackie Bradley Jr.,Red Sox,144,535,13,76,59,17,8.6 %,25.6 %,0.169,0.299,0.234,0.314,0.403,0.717,0.310,90,5.70,-0.60,10.10,2.80
17350,Rafael Devers,Red Sox,121,490,21,59,66,5,7.8 %,24.7 %,0.193,0.281,0.240,0.298,0.433,0.731,0.310,90,2.20,-3.70,-3.00,1.00
13355,Luke Maile,Blue Jays,68,231,3,22,27,2,10.8 %,29.0 %,0.119,0.351,0.248,0.333,0.366,0.700,0.310,95,0.30,-1.20,14.60,2.20
6364,Danny Valencia,Orioles,79,282,9,28,28,1,7.8 %,18.8 %,0.145,0.293,0.263,0.316,0.408,0.723,0.310,94,-4.00,-6.00,-6.70,-0.30
14130,Daniel Vogelbach,Mariners,37,102,4,9,13,0,12.7 %,25.5 %,0.161,0.246,0.207,0.324,0.368,0.691,0.310,99,-1.50,-1.60,-1.20,0.10
3516,Eric Hosmer,Padres,157,677,18,72,69,7,9.2 %,21.0 %,0.145,0.302,0.253,0.322,0.398,0.720,0.309,95,-4.20,-8.20,-14.40,-0.10
13277,Joey Rickard,Orioles,79,230,8,27,23,4,6.5 %,23.9 %,0.169,0.293,0.244,0.300,0.413,0.713,0.309,93,1.90,0.10,-1.60,0.60
8001,Hanley Ramirez,Red Sox,44,195,6,25,29,4,7.2 %,17.9 %,0.141,0.283,0.254,0.313,0.395,0.708,0.308,89,-2.40,-5.00,-3.20,-0.20
3256,Welington Castillo,White Sox,49,181,6,17,15,1,5.0 %,25.4 %,0.147,0.322,0.259,0.304,0.406,0.710,0.308,95,-1.40,-2.50,-1.80,0.20
4922,Ender Inciarte,Braves,156,660,10,83,61,28,7.4 %,13.0 %,0.116,0.293,0.265,0.325,0.380,0.705,0.308,90,6.10,-1.80,9.50,2.90
9776,Jason Kipnis,Indians,147,601,18,65,75,7,10.0 %,18.6 %,0.158,0.258,0.230,0.315,0.389,0.704,0.308,89,2.50,-5.00,5.30,2.10
4298,Matt Wieters,Nationals,76,271,8,24,30,0,11.1 %,16.6 %,0.136,0.261,0.238,0.330,0.374,0.704,0.308,89,-1.20,-4.70,0.00,0.40
15149,Trey Mancini,Orioles,156,636,24,69,58,0,6.9 %,24.1 %,0.174,0.285,0.242,0.299,0.416,0.715,0.308,93,-0.20,-5.90,-17.20,-0.20
15194,Jake Bauers,Rays,96,388,11,48,48,6,13.9 %,26.8 %,0.183,0.252,0.201,0.316,0.384,0.700,0.308,95,2.00,0.00,-6.70,0.60
12533,Marcus Semien,Athletics,159,703,15,89,70,14,8.7 %,18.6 %,0.133,0.296,0.255,0.318,0.388,0.706,0.307,95,1.60,-2.40,15.60,3.70
10200,Tucker Barnhart,Reds,138,522,10,50,46,0,10.3 %,18.4 %,0.124,0.291,0.248,0.328,0.372,0.699,0.307,89,-4.20,-11.10,-8.40,-0.30
5491,Austin Romine,Yankees,77,265,10,30,42,1,6.4 %,25.3 %,0.174,0.292,0.244,0.295,0.417,0.713,0.307,91,-2.60,-5.50,9.70,1.30
10700,Ryan LaMarre,- - -,76,180,2,15,18,2,5.6 %,29.4 %,0.103,0.389,0.279,0.322,0.382,0.704,0.306,91,-0.30,-2.20,3.00,0.70
5343,Brandon Crawford,Giants,151,594,14,63,54,4,8.4 %,20.5 %,0.139,0.303,0.254,0.325,0.394,0.719,0.306,93,-0.80,-5.80,5.50,1.90
13633,Preston Tucker,- - -,97,184,6,19,27,0,7.1 %,23.4 %,0.175,0.271,0.229,0.299,0.404,0.703,0.306,88,-0.30,-2.90,-4.70,-0.20
4616,Russell Martin,Blue Jays,90,352,10,37,25,0,15.9 %,23.3 %,0.131,0.234,0.194,0.338,0.325,0.663,0.305,91,-4.50,-8.10,9.70,1.40
9927,Brett Gardner,Yankees,140,609,12,95,45,16,10.7 %,17.6 %,0.132,0.272,0.236,0.322,0.368,0.690,0.305,90,8.90,1.50,2.50,2.50
14109,Albert Almora Jr.,Cubs,152,479,5,62,41,1,5.0 %,17.3 %,0.092,0.337,0.286,0.323,0.378,0.701,0.305,89,-1.80,-8.10,3.40,1.10
5209,Alex Gordon,Royals,141,568,13,56,54,12,8.8 %,21.8 %,0.125,0.299,0.245,0.324,0.370,0.694,0.305,89,-0.10,-7.20,4.60,1.70
5760,Avisail Garcia,White Sox,93,385,19,47,49,3,5.2 %,26.5 %,0.202,0.271,0.236,0.281,0.438,0.719,0.304,92,-1.30,-5.00,-7.50,0.00
7304,Salvador Perez,Royals,129,544,27,52,80,1,3.1 %,19.9 %,0.204,0.245,0.235,0.274,0.439,0.713,0.304,89,-5.20,-12.30,0.30,0.60
10231,Jose Iglesias,Tigers,125,464,5,43,48,15,4.1 %,10.1 %,0.120,0.291,0.269,0.310,0.389,0.699,0.304,90,1.30,-4.20,13.60,2.50
9810,Brian Dozier,- - -,151,632,21,81,72,12,11.1 %,20.4 %,0.175,0.240,0.215,0.305,0.391,0.696,0.304,90,-0.70,-8.60,-4.30,0.80
11442,Gary Sanchez,Yankees,89,374,18,51,53,1,12.3 %,25.1 %,0.220,0.197,0.186,0.291,0.406,0.697,0.304,89,-0.30,-5.20,9.00,1.70
19254,Jose Fernandez,Angels,36,123,2,9,11,1,4.9 %,12.2 %,0.121,0.293,0.267,0.309,0.388,0.697,0.304,94,0.30,-0.60,-1.40,0.20
2495,Pedro Alvarez,Orioles,45,127,8,18,18,0,12.6 %,28.3 %,0.234,0.179,0.180,0.283,0.414,0.698,0.304,90,-0.40,-1.90,-4.10,-0.20
3376,Nick Hundley,Giants,96,305,10,34,31,2,7.2 %,27.9 %,0.167,0.310,0.241,0.298,0.408,0.706,0.304,91,-2.50,-5.70,-7.80,-0.40
13768,Travis Jankowski,Padres,117,387,4,45,17,24,9.6 %,18.9 %,0.086,0.319,0.259,0.332,0.346,0.678,0.303,91,2.60,-1.90,-0.80,1.00
10807,Tyler Saladino,- - -,58,139,5,13,16,2,6.5 %,29.5 %,0.151,0.321,0.246,0.299,0.397,0.696,0.302,86,-0.10,-2.40,0.10,0.20
5666,Devin Mesoraco,- - -,84,274,11,24,33,0,9.1 %,19.0 %,0.176,0.236,0.221,0.303,0.398,0.700,0.302,92,-1.70,-4.40,-7.10,-0.30
12434,Kevin Pillar,Blue Jays,142,542,15,65,59,14,3.3 %,18.1 %,0.174,0.281,0.252,0.282,0.426,0.708,0.302,89,4.50,-2.50,4.30,2.00
785,Todd Frazier,Mets,115,472,18,54,59,9,10.2 %,23.7 %,0.176,0.241,0.213,0.303,0.390,0.693,0.302,93,-0.30,-4.40,3.90,1.50
13807,Kevin Plawecki,Mets,79,277,7,33,30,0,10.1 %,23.5 %,0.160,0.257,0.210,0.315,0.370,0.685,0.302,93,-4.80,-7.20,-0.60,0.10
12976,Austin Hedges,Padres,91,326,14,29,37,3,6.4 %,27.6 %,0.198,0.280,0.231,0.282,0.429,0.711,0.301,90,-1.60,-5.70,17.10,2.20
5227,Jon Jay,- - -,143,586,3,74,40,4,5.6 %,16.2 %,0.080,0.319,0.268,0.330,0.347,0.678,0.301,86,-2.70,-12.50,1.30,0.80
2829,Manny Pina,Brewers,98,337,9,39,28,2,6.2 %,18.4 %,0.144,0.285,0.252,0.307,0.395,0.702,0.301,85,-3.50,-9.50,11.40,1.30
16512,Isiah Kiner-Falefa,Rangers,111,396,4,43,34,7,7.1 %,15.7 %,0.096,0.306,0.261,0.325,0.357,0.682,0.301,81,-1.20,-10.20,-2.80,0.00
12371,Tommy La Stella,Cubs,123,192,1,23,19,0,8.9 %,14.1 %,0.065,0.312,0.266,0.340,0.331,0.672,0.300,86,-0.50,-3.70,0.00,0.20
13151,Jose Briceno,Angels,46,128,5,12,10,0,6.3 %,27.3 %,0.145,0.299,0.239,0.299,0.385,0.684,0.300,91,-2.30,-3.70,3.40,0.40
12147,Nick Ahmed,Diamondbacks,153,564,16,61,70,5,7.1 %,19.3 %,0.176,0.265,0.234,0.290,0.411,0.700,0.300,84,-1.10,-12.00,11.00,1.70
5667,Steven Souza Jr.,Diamondbacks,72,272,5,21,29,6,10.3 %,27.6 %,0.149,0.298,0.220,0.309,0.369,0.678,0.299,84,0.70,-4.60,-7.80,-0.40
1177,Albert Pujols,Angels,117,498,19,50,64,1,5.6 %,13.1 %,0.166,0.247,0.245,0.289,0.411,0.700,0.299,90,-2.90,-8.60,-9.30,-0.20
3353,Matt Joyce,Athletics,83,246,7,34,15,0,14.2 %,21.5 %,0.145,0.242,0.208,0.322,0.353,0.675,0.299,89,-0.30,-3.40,-3.20,0.20
2636,Brandon Guyer,Indians,104,221,7,25,27,1,6.8 %,21.7 %,0.165,0.237,0.206,0.300,0.371,0.671,0.298,82,-0.30,-5.00,-0.90,0.10
6195,Ian Kinsler,- - -,128,534,14,66,48,16,7.5 %,12.0 %,0.140,0.250,0.240,0.301,0.380,0.681,0.298,87,0.80,-7.30,11.60,2.30
17929,Cedric Mullins II,Orioles,45,191,4,23,11,2,8.9 %,19.4 %,0.124,0.279,0.235,0.312,0.359,0.671,0.298,86,0.10,-3.20,-5.90,-0.30
14158,Mac Williamson,Giants,28,105,4,14,11,1,10.5 %,25.7 %,0.170,0.254,0.213,0.295,0.383,0.678,0.298,87,0.30,-1.30,1.20,0.30
17719,Steven Duggar,Giants,41,152,2,20,17,5,6.6 %,28.9 %,0.135,0.354,0.255,0.303,0.390,0.693,0.297,87,2.50,0.20,2.00,0.70
17992,David Fletcher,Angels,80,307,1,35,25,3,4.9 %,11.1 %,0.088,0.307,0.275,0.316,0.363,0.678,0.297,89,2.00,-2.10,10.80,1.90
11602,Yolmer Sanchez,White Sox,155,662,8,62,55,14,7.4 %,20.8 %,0.130,0.300,0.242,0.306,0.372,0.678,0.297,87,0.10,-10.30,5.30,1.70
12926,Alen Hanson,Giants,110,310,8,36,39,7,2.9 %,22.9 %,0.173,0.303,0.252,0.274,0.425,0.699,0.296,86,2.70,-2.40,-2.40,0.50
6547,Jordy Mercer,Pirates,117,436,6,43,39,2,7.3 %,20.0 %,0.129,0.306,0.251,0.315,0.381,0.696,0.296,85,-1.00,-8.70,4.80,1.00
15447,Ryon Healy,Mariners,133,524,24,51,73,0,5.2 %,21.6 %,0.176,0.257,0.235,0.277,0.412,0.688,0.296,90,-5.30,-11.50,-13.80,-0.80
8709,Elvis Andrus,Rangers,97,428,6,53,33,5,6.5 %,15.4 %,0.111,0.292,0.256,0.308,0.367,0.675,0.296,78,2.20,-9.30,7.20,1.20
9892,Jay Bruce,Mets,94,361,9,31,37,2,11.4 %,20.8 %,0.147,0.263,0.223,0.310,0.370,0.680,0.296,89,0.40,-4.40,-6.30,0.10
15112,Ryan McMahon,Rockies,91,202,5,17,19,1,8.9 %,31.7 %,0.144,0.327,0.232,0.307,0.376,0.683,0.296,68,1.60,-6.20,-0.10,0.00
12174,Jorge Bonifacio,Royals,69,270,4,31,23,0,10.7 %,26.3 %,0.136,0.301,0.225,0.312,0.360,0.672,0.296,83,0.40,-4.90,-1.90,0.20
9571,Craig Gentry,Orioles,68,169,1,13,11,12,6.5 %,18.3 %,0.077,0.331,0.269,0.321,0.346,0.668,0.295,84,2.60,-0.60,0.80,0.60
5913,Leury Garcia,White Sox,82,275,4,23,32,12,3.3 %,25.1 %,0.105,0.355,0.271,0.303,0.376,0.679,0.295,86,0.80,-3.90,-4.70,0.00
9368,Evan Longoria,Giants,125,512,16,51,54,3,4.3 %,19.7 %,0.169,0.274,0.244,0.281,0.413,0.694,0.295,85,-0.20,-9.30,-2.60,0.40
5223,Cameron Maybin,- - -,129,384,4,32,28,10,9.9 %,19.5 %,0.088,0.306,0.249,0.326,0.336,0.662,0.295,88,-1.10,-6.80,-0.70,0.50
12164,Miguel Sano,Twins,71,299,13,32,41,0,10.4 %,38.5 %,0.199,0.286,0.199,0.281,0.398,0.679,0.295,82,-0.30,-6.80,-2.80,0.00
18721,Guillermo Heredia,Mariners,125,337,5,29,19,2,9.5 %,15.4 %,0.106,0.270,0.236,0.318,0.342,0.661,0.295,89,-0.90,-5.40,-4.80,0.10
15172,Tim Anderson,White Sox,153,606,20,77,64,26,5.0 %,24.6 %,0.166,0.289,0.240,0.281,0.406,0.687,0.294,85,2.80,-7.90,7.20,2.00
13369,Erik Gonzalez,Indians,81,143,1,17,16,3,3.5 %,23.8 %,0.110,0.347,0.265,0.301,0.375,0.676,0.294,80,1.10,-2.30,-0.70,0.20
6609,Freddy Galvis,Padres,162,656,13,62,67,8,6.9 %,22.4 %,0.133,0.304,0.248,0.299,0.380,0.680,0.294,85,0.10,-12.00,3.30,1.20
8418,Ehire Adrianza,Twins,114,366,6,42,39,5,6.6 %,22.4 %,0.128,0.313,0.251,0.301,0.379,0.680,0.294,82,0.30,-7.80,1.00,0.50
18314,Dansby Swanson,Braves,136,533,14,51,59,10,8.3 %,22.9 %,0.157,0.290,0.238,0.304,0.395,0.699,0.293,80,3.10,-10.10,11.30,1.80
13157,Nicky Delmonico,White Sox,88,318,8,31,25,1,8.5 %,25.2 %,0.158,0.269,0.215,0.296,0.373,0.669,0.292,84,-1.70,-7.80,-5.20,-0.30
6848,Eduardo Nunez,Red Sox,127,502,10,56,44,7,3.2 %,13.7 %,0.123,0.290,0.265,0.289,0.388,0.677,0.292,78,-6.20,-19.60,-0.30,-0.30
5751,Hernan Perez,Brewers,132,334,9,36,29,11,5.1 %,21.3 %,0.133,0.300,0.253,0.290,0.386,0.676,0.292,79,0.60,-7.80,3.10,0.60
4146,Gorkys Hernandez,Giants,142,451,15,52,40,8,6.0 %,25.1 %,0.157,0.283,0.234,0.285,0.391,0.676,0.292,83,-2.40,-11.50,-1.50,0.10
7539,Neil Walker,Yankees,113,398,11,48,46,0,10.6 %,21.9 %,0.135,0.257,0.219,0.309,0.354,0.664,0.291,81,1.10,-8.20,-4.40,0.10
14131,Greg Bird,Yankees,82,311,11,23,38,0,9.6 %,25.1 %,0.188,0.230,0.199,0.286,0.386,0.672,0.291,81,0.60,-6.70,-3.40,0.00
6448,Jim Adduci,Tigers,59,185,3,19,21,1,3.2 %,24.3 %,0.119,0.341,0.267,0.290,0.386,0.676,0.291,81,1.10,-3.00,-7.50,-0.40
15271,Austin Wynns,Orioles,42,118,4,16,11,0,4.2 %,21.2 %,0.127,0.296,0.255,0.287,0.382,0.669,0.291,81,-1.60,-4.30,0.10,0.00
15117,Hunter Dozier,Royals,102,388,11,36,34,2,6.2 %,28.1 %,0.166,0.296,0.229,0.278,0.395,0.673,0.291,80,-3.80,-13.20,-7.10,-0.80
12294,Cory Spangenberg,Padres,116,329,7,35,25,6,7.6 %,32.8 %,0.128,0.344,0.235,0.298,0.362,0.661,0.290,83,2.40,-4.60,0.40,0.60
14106,Addison Russell,Cubs,130,465,5,52,38,4,8.6 %,21.3 %,0.090,0.314,0.250,0.317,0.340,0.657,0.290,80,3.60,-7.90,7.20,1.40
15518,Amed Rosario,Mets,154,592,9,76,51,24,4.9 %,20.1 %,0.125,0.310,0.256,0.295,0.381,0.676,0.290,85,5.00,-5.60,1.30,1.50
11339,Jake Marisnick,Astros,103,235,10,34,28,6,6.4 %,35.7 %,0.188,0.292,0.211,0.275,0.399,0.674,0.290,85,1.80,-2.50,4.30,1.00
11265,Jonathan Schoop,- - -,131,501,21,61,61,1,3.8 %,23.0 %,0.184,0.261,0.233,0.266,0.416,0.682,0.290,80,-2.30,-14.60,3.30,0.50
13329,Jake Lamb,Diamondbacks,56,238,6,34,31,1,10.9 %,27.3 %,0.126,0.286,0.222,0.307,0.348,0.655,0.290,78,0.20,-6.30,1.50,0.30
13300,Spencer Kieboom,Nationals,52,143,2,16,13,0,11.2 %,19.6 %,0.088,0.281,0.232,0.322,0.320,0.642,0.290,77,-0.10,-4.10,1.70,0.20
2616,Zack Cozart,Angels,58,253,5,29,18,0,7.5 %,16.6 %,0.143,0.244,0.219,0.296,0.362,0.658,0.289,84,0.60,-4.40,-0.60,0.30
7949,Tim Beckham,Orioles,96,402,12,45,35,1,6.7 %,24.9 %,0.144,0.282,0.230,0.287,0.374,0.661,0.288,79,-1.90,-11.90,-6.00,-0.50
14712,Manuel Margot,Padres,141,519,8,50,51,11,6.2 %,17.0 %,0.138,0.281,0.245,0.292,0.384,0.675,0.288,81,-1.40,-13.60,2.90,0.60
9785,Kyle Seager,Mariners,155,630,22,62,78,2,6.0 %,21.9 %,0.178,0.251,0.221,0.273,0.400,0.673,0.288,84,-2.00,-13.90,8.80,1.60
1908,Adrian Gonzalez,Mets,54,187,6,15,26,0,8.0 %,18.2 %,0.136,0.260,0.237,0.299,0.373,0.672,0.288,84,-1.70,-5.50,-3.20,-0.30
16623,Greg Allen,Indians,91,291,2,36,20,21,4.8 %,19.9 %,0.087,0.320,0.257,0.310,0.343,0.654,0.288,75,2.70,-5.90,-3.30,0.00
13265,Mike Zunino,Mariners,113,405,20,37,44,0,5.9 %,37.0 %,0.209,0.268,0.201,0.259,0.410,0.669,0.288,84,-2.30,-10.00,17.00,2.10
15653,Dominic Smith,Mets,56,149,5,14,11,0,2.7 %,31.5 %,0.196,0.297,0.224,0.255,0.420,0.675,0.288,84,0.20,-2.80,-6.40,-0.50
16153,Austin Slater,Giants,74,225,1,21,23,7,8.9 %,30.7 %,0.055,0.377,0.251,0.333,0.307,0.640,0.287,80,0.80,-4.50,-2.40,0.00
11400,Ronald Torreyes,Yankees,41,102,0,9,7,0,2.0 %,15.7 %,0.090,0.333,0.280,0.294,0.370,0.664,0.287,78,0.50,-2.20,3.00,0.40
12325,Jace Peterson,- - -,96,246,3,21,28,13,12.6 %,23.6 %,0.124,0.260,0.200,0.310,0.324,0.634,0.286,78,-1.10,-7.60,-3.70,-0.30
4810,Brian McCann,Astros,63,216,7,22,23,0,8.8 %,18.5 %,0.127,0.229,0.212,0.301,0.339,0.640,0.286,82,-2.10,-6.80,0.20,0.10
8202,Josh Harrison,Pirates,97,374,8,41,37,3,4.8 %,18.2 %,0.113,0.286,0.250,0.293,0.363,0.656,0.285,78,2.40,-7.80,-0.80,0.30
4881,Carlos Gomez,Rays,118,408,9,42,32,12,6.1 %,25.2 %,0.128,0.266,0.208,0.298,0.336,0.634,0.285,80,-0.60,-10.30,-7.90,-0.50
5352,Yangervis Solarte,Blue Jays,122,506,17,50,54,1,6.1 %,14.2 %,0.152,0.233,0.226,0.277,0.378,0.655,0.284,77,-7.70,-21.70,-7.50,-1.30
13862,Devon Travis,Blue Jays,103,378,11,41,44,3,4.2 %,16.9 %,0.148,0.255,0.232,0.275,0.381,0.656,0.283,77,-0.10,-10.70,-7.10,-0.50
9205,Logan Morrison,Twins,95,359,15,41,39,1,9.5 %,22.3 %,0.182,0.196,0.186,0.276,0.368,0.644,0.283,74,0.20,-10.80,-8.10,-0.70
11200,Kole Calhoun,Angels,137,552,19,71,57,6,9.6 %,24.1 %,0.161,0.241,0.208,0.283,0.369,0.652,0.283,79,-0.90,-14.40,-3.40,0.00
5485,Jose Pirela,Padres,146,473,5,54,32,6,6.3 %,18.8 %,0.096,0.301,0.249,0.300,0.345,0.645,0.283,78,-4.60,-17.50,-5.00,-0.80
12983,Charlie Tilson,White Sox,41,121,0,7,11,2,8.3 %,16.5 %,0.028,0.322,0.264,0.331,0.292,0.623,0.282,77,-1.80,-5.10,-4.70,-0.60
13359,Tyler Naquin,Indians,61,183,3,22,23,1,3.3 %,23.0 %,0.092,0.331,0.264,0.295,0.356,0.651,0.282,72,1.70,-4.50,1.50,0.30
11270,Aaron Altherr,Phillies,105,285,8,28,38,3,12.6 %,31.9 %,0.152,0.247,0.181,0.295,0.333,0.628,0.282,75,-1.20,-10.00,-3.10,-0.40
11038,Kevin Kiermaier,Rays,88,367,7,44,29,10,6.8 %,24.8 %,0.154,0.275,0.217,0.282,0.370,0.653,0.282,78,1.90,-7.80,11.10,1.60
17642,J.T. Riddle,Marlins,102,332,9,28,36,0,6.0 %,20.2 %,0.146,0.266,0.231,0.277,0.377,0.653,0.282,79,-2.40,-11.00,5.50,0.50
7802,Miguel Rojas,Marlins,153,528,11,44,53,6,4.5 %,13.1 %,0.094,0.272,0.252,0.297,0.346,0.643,0.282,79,-5.10,-18.90,12.20,1.00
18288,Austin Dean,Marlins,34,122,4,16,14,1,5.7 %,18.0 %,0.142,0.241,0.221,0.279,0.363,0.642,0.281,79,1.00,-2.20,-4.10,-0.20
393,Victor Martinez,Tigers,133,508,9,32,54,0,6.3 %,9.6 %,0.103,0.260,0.251,0.297,0.353,0.651,0.281,75,-4.10,-19.50,-13.30,-1.60
15048,Johnny Field,- - -,84,233,9,28,21,4,3.0 %,30.9 %,0.181,0.284,0.222,0.254,0.403,0.657,0.281,76,0.40,-6.20,-1.90,0.00
12158,Austin Barnes,Dodgers,100,238,4,32,14,4,13.0 %,28.2 %,0.085,0.287,0.205,0.329,0.290,0.619,0.281,77,-0.60,-7.10,11.00,1.20
5107,Jefry Marte,Angels,90,209,7,28,22,1,6.2 %,19.6 %,0.155,0.240,0.216,0.273,0.371,0.644,0.281,78,-0.30,-5.90,-3.90,-0.30
14320,Wilmer Difo,Nationals,148,456,7,55,42,10,8.6 %,18.0 %,0.120,0.269,0.230,0.298,0.350,0.649,0.280,71,0.70,-15.30,4.70,0.40
11489,Michael A. Taylor,Nationals,134,385,6,46,28,24,7.5 %,30.1 %,0.130,0.320,0.227,0.287,0.357,0.644,0.280,71,5.40,-8.20,4.60,0.90
11936,Joe Panik,Giants,102,392,4,38,24,4,6.6 %,7.7 %,0.078,0.265,0.254,0.307,0.332,0.639,0.280,75,-1.30,-13.00,1.50,0.10
17062,Grayson Greiner,Tigers,30,116,0,9,12,0,14.7 %,27.6 %,0.063,0.313,0.219,0.328,0.281,0.609,0.279,73,0.00,-3.70,0.10,0.00
16271,Alex Blandino,Reds,69,147,1,14,8,0,8.8 %,27.9 %,0.055,0.337,0.234,0.324,0.289,0.613,0.279,70,-0.30,-5.70,0.20,-0.10
4403,Erik Kratz,Brewers,67,219,6,18,23,1,2.7 %,18.3 %,0.118,0.264,0.236,0.280,0.355,0.634,0.278,70,-1.20,-9.30,10.00,0.80
10950,Adam Duvall,- - -,138,427,15,48,61,2,8.7 %,27.4 %,0.169,0.237,0.195,0.274,0.365,0.639,0.277,69,2.50,-13.50,2.50,0.20
10199,Billy Hamilton,Reds,153,556,4,74,29,34,8.3 %,23.7 %,0.091,0.309,0.236,0.299,0.327,0.626,0.277,69,8.40,-12.60,8.10,1.30
10286,Francisco Arcia,Angels,41,106,6,10,23,1,0.9 %,25.5 %,0.223,0.214,0.204,0.226,0.427,0.654,0.277,75,0.00,-3.20,-2.40,-0.20
8203,Dee Gordon,Mariners,141,588,4,62,36,30,1.5 %,13.6 %,0.081,0.304,0.268,0.288,0.349,0.637,0.277,77,3.50,-13.00,-5.90,0.10
16424,Jordan Luplow,Pirates,37,103,3,16,7,2,9.7 %,17.5 %,0.174,0.197,0.185,0.272,0.359,0.631,0.277,72,-2.30,-5.70,3.50,0.10
12937,Jose Osuna,Pirates,51,111,3,14,11,0,2.7 %,19.8 %,0.170,0.256,0.226,0.252,0.396,0.648,0.276,72,0.10,-3.70,-1.10,-0.10
13130,Mikie Mahtook,Tigers,67,250,9,24,29,4,8.4 %,26.4 %,0.157,0.238,0.202,0.276,0.359,0.635,0.276,71,-0.30,-9.00,-1.30,-0.20
10951,Greg Garcia,Cardinals,114,208,3,15,15,3,9.6 %,17.8 %,0.083,0.259,0.221,0.309,0.304,0.613,0.276,72,1.00,-6.20,3.00,0.40
13770,Rob Refsnyder,Rays,40,103,2,10,5,0,17.5 %,25.2 %,0.107,0.214,0.167,0.314,0.274,0.588,0.276,74,-1.80,-5.00,-1.80,-0.40
6887,Martin Maldonado,- - -,119,404,9,39,44,0,4.0 %,24.3 %,0.126,0.280,0.225,0.276,0.351,0.627,0.275,74,-3.20,-15.80,19.20,1.70
9848,Austin Jackson,- - -,116,375,3,29,32,3,6.9 %,35.5 %,0.081,0.387,0.245,0.299,0.326,0.624,0.275,74,-0.40,-12.50,-8.90,-1.00
14818,JaCoby Jones,Tigers,129,467,11,54,34,13,5.1 %,30.4 %,0.156,0.281,0.207,0.266,0.364,0.630,0.274,70,3.20,-13.80,10.40,1.20
7185,Logan Forsythe,- - -,120,416,2,37,27,3,9.9 %,20.0 %,0.059,0.293,0.232,0.313,0.291,0.604,0.274,70,1.10,-13.90,-1.40,-0.20
7476,Alex Avila,Diamondbacks,80,234,7,13,20,0,15.8 %,38.5 %,0.139,0.253,0.165,0.299,0.304,0.603,0.273,66,-1.20,-10.90,11.00,0.80
14942,Andrew Knapp,Phillies,84,215,4,19,15,1,11.2 %,34.9 %,0.118,0.303,0.198,0.294,0.316,0.610,0.273,68,0.70,-7.70,-3.20,-0.40
1679,Chase Utley,Dodgers,87,187,1,18,14,3,9.1 %,18.2 %,0.091,0.262,0.213,0.305,0.305,0.610,0.272,71,1.70,-4.90,-0.30,0.10
13176,Blake Swihart,Red Sox,82,207,3,28,18,6,7.2 %,27.5 %,0.099,0.311,0.229,0.285,0.328,0.613,0.271,64,1.00,-8.00,-1.10,-0.20
11379,Delino DeShields,Rangers,106,393,2,52,22,20,10.9 %,21.1 %,0.066,0.280,0.216,0.310,0.281,0.591,0.271,61,4.00,-14.50,4.50,0.30
7870,Jonathan Lucroy,Athletics,126,454,4,41,51,0,6.4 %,14.3 %,0.084,0.273,0.241,0.291,0.325,0.617,0.271,70,-3.60,-19.70,6.90,0.20
16221,Bradley Zimmer,Indians,34,114,2,14,9,4,6.1 %,38.6 %,0.104,0.367,0.226,0.281,0.330,0.611,0.270,63,1.00,-4.00,2.80,0.30
15082,Adam Engel,White Sox,143,463,6,49,29,16,3.9 %,27.9 %,0.100,0.322,0.235,0.279,0.336,0.614,0.270,68,3.10,-14.40,1.10,0.20
3882,Chris Young,Angels,56,128,6,17,13,2,8.6 %,28.9 %,0.195,0.183,0.168,0.252,0.363,0.615,0.268,69,1.30,-3.30,-5.30,-0.50
10459,Adeiny Hechavarria,- - -,94,321,6,34,31,2,5.0 %,18.1 %,0.098,0.280,0.247,0.279,0.345,0.624,0.268,67,0.50,-12.00,5.40,0.40
14968,Victor Caratini,Cubs,76,200,2,21,21,0,6.0 %,21.0 %,0.072,0.290,0.232,0.293,0.304,0.597,0.268,65,0.80,-7.90,-0.10,-0.20
6652,Chase d'Arnaud,Giants,42,100,3,9,9,2,4.0 %,37.0 %,0.151,0.315,0.215,0.253,0.366,0.618,0.266,66,0.40,-3.70,1.90,0.10
11611,Rosell Herrera,- - -,86,302,1,25,20,3,6.3 %,18.9 %,0.083,0.288,0.234,0.286,0.317,0.602,0.266,63,0.40,-12.90,5.20,0.20
11761,Drew Robinson,Rangers,47,125,3,20,9,2,12.8 %,45.6 %,0.110,0.347,0.183,0.288,0.294,0.582,0.265,57,0.90,-5.60,0.50,-0.10
10346,John Ryan Murphy,Diamondbacks,87,223,9,19,24,0,4.9 %,31.8 %,0.173,0.256,0.202,0.244,0.375,0.619,0.265,61,1.20,-9.50,11.90,1.00
6589,Sean Rodriguez,Pirates,66,173,5,21,19,1,12.7 %,34.7 %,0.147,0.235,0.167,0.277,0.313,0.591,0.264,64,1.40,-6.20,0.80,0.00
17098,Dustin Fowler,Athletics,69,203,6,19,23,6,3.9 %,23.2 %,0.130,0.262,0.224,0.256,0.354,0.610,0.263,65,-1.00,-9.50,-3.50,-0.60
10473,Cheslor Cuthbert,Royals,30,117,3,11,7,0,9.4 %,19.7 %,0.107,0.218,0.194,0.282,0.301,0.583,0.263,61,-1.20,-6.60,-1.40,-0.40
3312,Martin Prado,Marlins,54,209,1,16,18,1,5.3 %,16.7 %,0.061,0.292,0.244,0.287,0.305,0.592,0.263,66,-1.70,-10.30,-0.70,-0.50
17975,Scott Kingery,Phillies,147,484,8,55,35,10,5.0 %,26.0 %,0.113,0.291,0.226,0.267,0.338,0.605,0.263,62,3.40,-19.30,3.40,-0.10
17838,Willie Calhoun,Rangers,35,108,2,8,11,0,5.6 %,22.2 %,0.111,0.267,0.222,0.269,0.333,0.602,0.262,55,-0.20,-6.00,-3.60,-0.60
10619,David Freitas,Mariners,36,106,1,9,5,0,7.5 %,23.6 %,0.097,0.284,0.215,0.277,0.312,0.589,0.262,67,-0.50,-4.70,2.40,0.10
11470,Tony Wolters,Rockies,74,216,3,19,27,2,12.0 %,15.3 %,0.115,0.189,0.170,0.292,0.286,0.577,0.261,45,0.90,-13.60,14.40,0.80
6310,Alcides Escobar,Royals,140,531,4,54,34,8,5.5 %,13.9 %,0.082,0.263,0.231,0.279,0.313,0.593,0.261,60,2.50,-23.10,2.90,-0.30
4062,Dexter Fowler,Cardinals,90,334,8,40,31,5,11.4 %,22.5 %,0.118,0.210,0.180,0.278,0.298,0.576,0.260,62,2.30,-13.30,-8.60,-1.20
9308,Josh Phegley,Athletics,39,102,2,13,15,0,5.9 %,26.5 %,0.140,0.258,0.204,0.255,0.344,0.599,0.259,62,0.00,-4.60,1.20,0.00
15694,Chance Sisco,Orioles,63,184,2,13,16,1,7.1 %,35.9 %,0.088,0.293,0.181,0.288,0.269,0.557,0.259,59,-1.10,-10.10,1.40,-0.30
7888,Ryan Flaherty,Braves,81,182,2,17,13,4,9.9 %,22.5 %,0.075,0.277,0.217,0.298,0.292,0.590,0.258,57,-0.30,-10.00,0.40,-0.40
11875,Ronny Rodriguez,Tigers,62,206,5,17,20,2,4.9 %,20.4 %,0.115,0.253,0.220,0.256,0.335,0.591,0.257,58,-0.80,-11.10,-5.20,-1.00
12859,James McCann,Tigers,118,457,8,31,39,0,5.7 %,25.4 %,0.094,0.282,0.220,0.267,0.314,0.581,0.256,58,-4.10,-27.20,7.70,-0.50
17548,Taylor Ward,Angels,40,147,6,14,15,2,6.1 %,30.6 %,0.156,0.214,0.178,0.245,0.333,0.578,0.255,60,0.80,-6.20,2.50,0.10
15197,Carlos Asuaje,Padres,79,218,2,15,19,1,11.0 %,21.1 %,0.085,0.243,0.196,0.286,0.280,0.566,0.255,59,-0.50,-11.50,-2.30,-0.70
14713,Dawel Lugo,Tigers,27,101,1,10,8,0,6.9 %,19.8 %,0.096,0.260,0.213,0.267,0.309,0.576,0.255,57,-0.30,-5.50,-1.50,-0.40
1736,Jose Reyes,Mets,110,251,4,30,16,5,8.8 %,15.5 %,0.132,0.211,0.189,0.260,0.320,0.580,0.255,62,-0.50,-12.30,-4.20,-0.90
8252,Hunter Pence,Giants,97,248,4,19,24,5,4.4 %,23.8 %,0.106,0.282,0.226,0.258,0.332,0.590,0.254,59,2.50,-10.10,-6.00,-0.90
3123,Gregor Blanco,Giants,68,203,2,19,12,6,5.9 %,28.6 %,0.101,0.300,0.217,0.262,0.317,0.580,0.254,58,1.30,-9.10,-4.20,-0.70
11894,Noel Cuevas,Rockies,75,153,2,16,10,1,3.9 %,15.7 %,0.082,0.267,0.233,0.268,0.315,0.583,0.254,40,-0.20,-11.40,-1.90,-0.90
13185,Orlando Arcia,Brewers,119,366,3,32,30,7,4.1 %,23.8 %,0.072,0.305,0.236,0.268,0.307,0.576,0.253,54,0.50,-20.20,4.40,-0.40
4969,Luis Valbuena,Angels,96,288,9,23,33,3,6.6 %,34.7 %,0.135,0.277,0.199,0.253,0.335,0.588,0.253,59,-0.60,-14.80,-3.20,-0.90
3411,Drew Butera,- - -,62,182,3,13,21,0,8.2 %,21.4 %,0.110,0.228,0.190,0.264,0.301,0.564,0.252,52,0.10,-10.30,-2.50,-0.70
10323,Rafael Ortega,Marlins,41,143,0,10,7,5,7.0 %,16.1 %,0.038,0.282,0.233,0.287,0.271,0.557,0.251,59,-2.10,-9.30,-0.80,-0.60
7087,Caleb Joseph,Orioles,82,280,3,28,17,2,3.6 %,24.3 %,0.102,0.282,0.219,0.254,0.321,0.575,0.251,54,-0.90,-16.40,3.20,-0.40
3708,Rajai Davis,Indians,101,216,1,33,6,21,5.1 %,22.2 %,0.056,0.291,0.224,0.278,0.281,0.559,0.251,50,2.70,-10.10,1.50,-0.20
10030,Chris Owings,Diamondbacks,106,309,4,34,22,11,7.8 %,24.3 %,0.096,0.265,0.206,0.272,0.302,0.574,0.250,51,0.20,-18.20,0.80,-0.80
14352,Lewis Brinson,Marlins,109,406,11,31,42,2,4.2 %,29.6 %,0.139,0.257,0.199,0.240,0.338,0.577,0.248,56,1.10,-20.60,-1.50,-1.00
12409,Ryan Rua,Rangers,61,147,6,17,12,3,3.4 %,36.1 %,0.165,0.259,0.194,0.221,0.360,0.580,0.248,45,1.00,-8.70,-2.40,-0.60
15214,Brandon Dixon,Reds,74,124,5,14,10,0,4.8 %,34.7 %,0.178,0.229,0.178,0.218,0.356,0.574,0.247,48,0.40,-7.40,1.30,-0.20
14558,Carlos Tocci,Rangers,66,135,0,11,5,0,5.2 %,28.9 %,0.058,0.329,0.225,0.271,0.283,0.555,0.246,44,0.00,-9.10,0.10,-0.50
14735,Brett Phillips,- - -,51,147,2,15,11,1,7.5 %,41.5 %,0.119,0.319,0.187,0.252,0.306,0.558,0.246,49,0.80,-8.10,8.30,0.50
9807,Ryan Goins,Royals,41,120,0,10,6,0,3.3 %,24.2 %,0.087,0.302,0.226,0.252,0.313,0.565,0.246,49,-1.00,-8.20,2.20,-0.20
5486,Abraham Almonte,Royals,50,151,3,15,9,2,9.9 %,23.8 %,0.104,0.219,0.179,0.260,0.284,0.544,0.244,48,-0.70,-10.00,-1.10,-0.60
4866,Jarrod Dyson,Diamondbacks,67,237,2,29,12,16,11.4 %,14.3 %,0.068,0.216,0.189,0.282,0.257,0.539,0.244,47,3.80,-11.40,6.40,0.30
11472,Dixon Machado,Tigers,67,233,1,20,21,1,6.0 %,17.6 %,0.084,0.249,0.206,0.263,0.290,0.553,0.244,49,1.40,-12.70,3.90,-0.10
3448,Jeff Mathis,Diamondbacks,69,218,1,15,20,0,9.2 %,30.3 %,0.072,0.292,0.200,0.272,0.272,0.544,0.243,47,-2.70,-17.00,19.20,0.90
14551,Anthony Santander,Orioles,33,108,1,8,6,1,5.6 %,19.4 %,0.099,0.241,0.198,0.250,0.297,0.547,0.242,48,1.00,-5.80,-1.50,-0.40
7158,Eric Young Jr.,Angels,41,117,1,12,8,5,5.1 %,23.9 %,0.101,0.259,0.202,0.248,0.303,0.551,0.241,51,0.90,-5.90,-1.30,-0.30
9774,Christian Vazquez,Red Sox,80,269,3,24,16,4,4.8 %,15.2 %,0.076,0.237,0.207,0.257,0.283,0.540,0.240,42,-2.10,-20.80,14.30,0.20
9272,Chris Davis,Orioles,128,522,16,40,49,2,7.9 %,36.8 %,0.128,0.237,0.168,0.243,0.296,0.539,0.239,46,-1.80,-35.80,-11.70,-3.10
13005,Kelby Tomlinson,Giants,63,152,0,9,10,0,5.9 %,23.0 %,0.057,0.276,0.207,0.265,0.264,0.529,0.239,48,-0.70,-10.40,0.70,-0.50
12606,Raffy Lopez,Padres,37,117,3,11,13,1,11.1 %,36.8 %,0.108,0.259,0.176,0.265,0.284,0.549,0.236,46,-0.30,-7.90,3.00,-0.10
2900,Roberto Perez,Indians,62,210,2,16,19,1,10.0 %,33.3 %,0.095,0.257,0.168,0.256,0.263,0.519,0.236,40,-0.50,-15.60,9.20,0.10
6564,Bobby Wilson,Twins,47,151,2,12,16,0,7.9 %,24.5 %,0.104,0.224,0.178,0.242,0.281,0.523,0.232,40,-2.40,-13.30,8.30,0.00
15487,Victor Reyes,Tigers,100,219,1,35,12,9,2.3 %,21.0 %,0.066,0.277,0.222,0.239,0.288,0.526,0.229,39,0.80,-15.20,-1.70,-1.00
11287,Bryan Holaday,Marlins,61,166,1,7,16,0,6.0 %,17.5 %,0.053,0.244,0.205,0.261,0.258,0.519,0.228,43,-2.20,-13.70,8.00,-0.10
1159,Andrew Romine,Mariners,75,131,0,15,2,1,5.3 %,29.8 %,0.034,0.313,0.210,0.260,0.244,0.504,0.228,44,1.70,-7.10,3.50,0.10
5273,Sandy Leon,Red Sox,89,288,5,30,22,1,5.2 %,26.0 %,0.102,0.226,0.177,0.232,0.279,0.511,0.227,33,-1.50,-24.50,19.10,0.40
14523,Pedro Severino,Nationals,70,213,2,14,15,1,8.5 %,22.1 %,0.079,0.211,0.168,0.254,0.247,0.501,0.221,32,-0.80,-18.50,4.80,-0.70
6677,JB Shuck,Marlins,70,142,0,10,4,2,7.0 %,15.5 %,0.038,0.231,0.192,0.255,0.231,0.486,0.219,37,0.20,-10.70,-0.50,-0.70
11863,Yadiel Rivera,Marlins,111,160,1,13,9,2,11.9 %,31.9 %,0.043,0.258,0.173,0.269,0.216,0.485,0.219,37,-0.50,-12.80,3.20,-0.50
5942,Jesus Sucre,Rays,73,198,1,9,17,1,4.5 %,14.6 %,0.044,0.240,0.209,0.247,0.253,0.500,0.219,35,-2.70,-18.10,-1.50,-1.30
16219,J.D. Davis,Astros,42,113,1,9,5,0,8.8 %,25.7 %,0.049,0.233,0.175,0.248,0.223,0.471,0.218,36,0.30,-8.40,-1.00,-0.60
8298,Francisco Pena,Cardinals,58,142,2,10,8,1,4.2 %,30.3 %,0.068,0.278,0.203,0.239,0.271,0.510,0.215,32,-1.00,-12.80,-0.60,-0.90
14885,Pat Valaika,Rockies,68,133,2,8,5,0,6.8 %,22.6 %,0.090,0.189,0.156,0.214,0.246,0.460,0.207,9,-0.80,-15.60,-0.70,-1.20
11494,Kaleb Cowart,Angels,47,124,1,7,10,1,8.1 %,35.5 %,0.107,0.206,0.134,0.210,0.241,0.451,0.203,25,0.10,-11.00,3.80,-0.30
7927,Eric Sogard,Brewers,55,113,0,7,2,3,10.6 %,20.4 %,0.031,0.173,0.134,0.241,0.165,0.406,0.194,14,1.20,-10.60,-0.60,-0.80
17023,Magneuris Sierra,Marlins,54,156,0,10,7,3,3.8 %,25.0 %,0.020,0.259,0.190,0.222,0.211,0.433,0.192,19,1.20,-14.30,-5.50,-1.50
9952,Trayce Thompson,- - -,51,137,3,15,9,3,5.1 %,36.5 %,0.094,0.158,0.117,0.162,0.211,0.373,0.162,-5,0.90,-16.30,-1.00,-1.30
