playerid,Name,Team,W,L,G,GS,IP,K/9,BB/9,HR/9,BABIP,LOB%,GB%,HR/FB,ERA,WHIP,FIP,xFIP,WAR
10954,Jacob deGrom,Mets,10,9,32,32,217,11.16,1.91,0.41,0.281,82.0 %,46.4 %,6.3 %,1.7,0.91,1.99,2.6,9
13543,Blake Snell,Rays,21,5,31,31,180.2,11.01,3.19,0.8,0.241,88.0 %,44.7 %,10.7 %,1.89,0.97,2.95,3.16,4.8
14444,Hyun-Jin Ryu,Dodgers,7,3,15,15,82.1,9.73,1.64,0.98,0.281,85.4 %,45.8 %,11.8 %,1.97,1.01,3,3.11,1.9
3543,Clay Buchholz,Diamondbacks,7,2,16,16,98.1,7.41,2.01,0.82,0.255,86.6 %,42.6 %,8.7 %,2.01,1.04,3.47,4.01,1.7
10603,Chris Sale,Red Sox,12,4,27,27,158,13.5,1.94,0.63,0.283,82.5 %,44.2 %,9.3 %,2.11,0.86,1.98,2.31,6.2
12703,Trevor Bauer,Indians,12,6,27,27,171.1,11.5,2.99,0.47,0.301,79.3 %,44.1 %,6.3 %,2.26,1.1,2.44,3.14,5.7
19374,Walker Buehler,Dodgers,8,4,23,23,136.1,9.97,2.38,0.73,0.241,80.6 %,50.3 %,10.4 %,2.31,0.92,2.92,3.15,3.2
16149,Aaron Nola,Phillies,17,6,33,33,212.1,9.49,2.46,0.72,0.251,82.5 %,50.6 %,10.6 %,2.37,0.97,3.01,3.21,5.4
8700,Justin Verlander,Astros,16,9,34,34,214,12.2,1.56,1.18,0.272,85.3 %,29.1 %,11.1 %,2.52,0.9,2.78,3.03,6.7
3137,Max Scherzer,Nationals,18,7,33,33,220.2,12.24,2.08,0.94,0.265,81.3 %,34.3 %,9.7 %,2.53,0.91,2.65,3.06,7.4
8779,Wade Miley,Brewers,5,2,16,16,80.2,5.58,3.01,0.33,0.269,75.9 %,52.8 %,5.2 %,2.57,1.21,3.59,4.3,1.4
2036,Clayton Kershaw,Dodgers,9,5,26,26,161.1,8.65,1.62,0.95,0.273,78.7 %,47.9 %,12.7 %,2.73,1.04,3.19,3.19,3.3
9803,Miles Mikolas,Cardinals,18,4,32,32,200.2,6.55,1.3,0.72,0.279,76.2 %,49.3 %,9.2 %,2.83,1.07,3.28,3.67,4.3
16256,Kyle Freeland,Rockies,17,7,33,33,202.1,7.7,3.11,0.76,0.285,82.8 %,46.0 %,8.5 %,2.85,1.25,3.67,4.22,4.2
10811,Mike Foltynewicz,Braves,13,10,31,31,183,9.93,3.34,0.84,0.251,77.1 %,43.1 %,9.6 %,2.85,1.08,3.37,3.77,3.8
13125,Gerrit Cole,Astros,15,5,32,32,200.1,12.4,2.88,0.85,0.286,77.9 %,36.0 %,10.0 %,2.88,1.03,2.7,3.04,6
2429,Corey Kluber,Indians,20,7,33,33,215,9.29,1.42,1.05,0.276,77.9 %,44.4 %,13.1 %,2.89,0.99,3.12,3.08,5.5
14509,Dereck Rodriguez,Giants,5,4,19,19,112,6.59,2.65,0.72,0.257,78.1 %,39.6 %,7.4 %,2.89,1.13,3.81,4.57,1.6
3284,Anibal Sanchez,Braves,7,6,24,24,133.2,8.96,2.63,1.01,0.258,78.7 %,45.5 %,11.4 %,2.9,1.08,3.59,3.77,2.5
12808,Mike Clevinger,Indians,13,8,32,32,200,9.32,3.02,0.95,0.28,79.8 %,40.5 %,10.2 %,3.02,1.16,3.52,3.86,4.2
11762,Noah Syndergaard,Mets,13,4,25,25,154.1,9.04,2.27,0.52,0.32,76.6 %,49.0 %,7.8 %,3.03,1.21,2.8,3.29,4.2
16977,Trevor Williams,Pirates,14,10,31,31,170.2,6.64,2.9,0.79,0.261,76.6 %,40.8 %,8.0 %,3.11,1.18,3.86,4.54,2.7
4676,Charlie Morton,Astros,15,3,30,30,167,10.83,3.45,0.97,0.283,79.6 %,47.4 %,14.5 %,3.13,1.16,3.59,3.42,2.9
9323,Patrick Corbin,Diamondbacks,11,7,33,33,200,11.07,2.16,0.68,0.302,74.7 %,48.5 %,11.1 %,3.15,1.05,2.47,2.61,5.9
14078,Michael Wacha,Cardinals,8,2,15,15,84.1,7.58,3.84,0.96,0.249,75.0 %,43.2 %,13.6 %,3.2,1.23,4.22,4.12,0.8
11674,Jameson Taillon,Pirates,14,10,32,32,191,8.43,2.17,0.94,0.298,79.8 %,46.2 %,11.7 %,3.2,1.18,3.46,3.58,3.8
1943,Zack Greinke,Diamondbacks,15,11,33,33,207.2,8.62,1.86,1.21,0.272,80.2 %,45.1 %,15.0 %,3.21,1.08,3.71,3.44,2.9
6893,Johnny Cueto,Giants,3,2,9,9,53,6.45,2.21,1.36,0.253,85.2 %,43.5 %,14.0 %,3.23,1.11,4.71,4.52,0.2
5524,Madison Bumgarner,Giants,6,7,21,21,129.2,7.57,2.98,0.97,0.274,78.6 %,42.7 %,10.3 %,3.26,1.24,3.99,4.32,1.4
15734,Brad Keller,Royals,8,5,20,20,118,6.33,3.28,0.46,0.306,76.0 %,52.9 %,6.0 %,3.28,1.35,3.56,4.3,2.3
10310,Zack Wheeler,Mets,12,7,29,29,182.1,8.84,2.71,0.69,0.279,74.6 %,44.2 %,8.1 %,3.31,1.12,3.25,3.81,4.2
7754,Mike Fiers,- - -,12,7,30,30,168.2,7.26,1.97,1.6,0.265,85.7 %,39.9 %,13.6 %,3.31,1.16,4.64,4.49,1.6
19755,Shohei Ohtani,Angels,4,2,10,10,51.2,10.97,3.83,1.05,0.269,79.9 %,39.2 %,13.0 %,3.31,1.16,3.57,3.53,1
4930,Jon Lester,Cubs,18,6,32,32,181.2,7.38,3.17,1.19,0.29,80.3 %,37.7 %,12.4 %,3.32,1.31,4.39,4.43,1.9
1841,Edwin Jackson,Athletics,6,3,17,17,92,6.65,3.62,1.17,0.24,79.2 %,36.4 %,11.2 %,3.33,1.22,4.65,4.88,0.8
6632,Carlos Carrasco,Indians,16,9,30,30,186.2,10.66,1.88,1.01,0.314,75.3 %,46.5 %,13.2 %,3.33,1.11,2.98,2.92,5
17479,Jack Flaherty,Cardinals,8,9,28,28,151,10.85,3.52,1.19,0.257,79.3 %,42.1 %,15.2 %,3.34,1.11,3.86,3.58,2.4
13273,Ross Stripling,Dodgers,8,6,21,21,106.1,10.07,1.35,1.52,0.324,84.5 %,46.4 %,19.1 %,3.39,1.18,3.6,2.86,1.7
15890,Luis Severino,Yankees,19,8,32,32,191.1,10.35,2.16,0.89,0.314,75.0 %,41.1 %,11.4 %,3.39,1.14,2.95,3.1,5.5
11682,Carlos Martinez,Cardinals,6,6,18,18,100.1,8.79,4.4,0.45,0.298,73.2 %,49.6 %,5.7 %,3.41,1.38,3.65,4.45,1.8
18356,Jaime Barria,Angels,10,9,26,26,129.1,6.82,3.27,1.18,0.271,82.1 %,37.1 %,10.2 %,3.41,1.27,4.58,4.99,1.3
12049,Kyle Hendricks,Cubs,14,11,33,33,199,7.28,1.99,0.99,0.281,75.2 %,47.0 %,12.0 %,3.44,1.15,3.78,3.87,3.5
4371,Jeremy Hellickson,Nationals,5,3,19,19,91.1,6.41,1.97,1.08,0.252,71.7 %,45.9 %,12.4 %,3.45,1.07,4.22,4.27,1.2
2608,Jhoulys Chacin,Brewers,15,8,35,35,192.2,7.29,3.32,0.84,0.25,72.5 %,42.2 %,9.3 %,3.5,1.16,4.03,4.47,2.4
3184,David Price,Red Sox,16,7,30,30,176,9.05,2.56,1.28,0.274,77.3 %,40.1 %,13.2 %,3.58,1.14,4.02,3.95,2.4
15873,Sean Manaea,Athletics,12,9,27,27,160.2,6.05,1.79,1.18,0.247,75.2 %,44.0 %,12.3 %,3.59,1.08,4.26,4.32,1.9
13684,John Gant,Cardinals,5,6,19,19,97.1,7.49,4.44,0.74,0.258,71.3 %,44.4 %,8.8 %,3.61,1.3,4.11,4.58,1.1
10123,Kyle Gibson,Twins,10,13,32,32,196.2,8.19,3.62,1.05,0.285,75.5 %,49.8 %,14.8 %,3.62,1.3,4.13,3.91,2.8
5221,Wade LeBlanc,Mariners,9,5,27,27,148.1,7.16,2.24,1.33,0.267,74.7 %,36.6 %,11.8 %,3.64,1.16,4.29,4.44,1.6
404,CC Sabathia,Yankees,9,7,29,29,153,8.24,3,1.12,0.295,75.5 %,44.4 %,11.7 %,3.65,1.31,4.16,4.3,2.4
7410,J.A. Happ,- - -,17,6,31,31,177.2,9.78,2.58,1.37,0.272,74.9 %,40.1 %,13.4 %,3.65,1.13,3.98,3.88,3
13781,Alex Wood,Dodgers,8,7,27,27,148,7.97,2.37,0.85,0.295,71.1 %,49.2 %,11.2 %,3.65,1.22,3.55,3.72,2.3
9784,Garrett Richards,Angels,5,4,16,16,76.1,10.26,4.01,1.3,0.277,67.0 %,49.3 %,17.5 %,3.66,1.28,4.13,3.62,1
4141,Derek Holland,Giants,7,9,30,30,161.2,8.52,3.56,1,0.287,75.2 %,39.6 %,10.8 %,3.67,1.31,3.96,4.21,2.1
4869,Mike Montgomery,Cubs,5,5,19,19,97.2,6.45,2.58,0.74,0.312,74.9 %,48.2 %,9.4 %,3.69,1.35,3.84,4.21,1.5
4806,Rich Hill,Dodgers,11,5,24,24,131.2,10.12,2.67,1.37,0.269,77.2 %,39.1 %,14.8 %,3.69,1.12,3.96,3.68,1.7
9434,Dallas Keuchel,Astros,12,11,34,34,204.2,6.73,2.55,0.79,0.3,72.8 %,53.7 %,11.3 %,3.74,1.31,3.69,3.84,3.3
10131,Stephen Strasburg,Nationals,10,7,22,22,130,10.8,2.63,1.25,0.309,75.7 %,43.6 %,15.7 %,3.74,1.2,3.62,3.28,2.3
15764,Masahiro Tanaka,Yankees,12,6,27,27,156,9.17,2.02,1.44,0.284,77.7 %,47.2 %,17.7 %,3.75,1.13,4.01,3.42,2.6
11828,James Paxton,Mariners,11,6,28,28,160.1,11.68,2.36,1.29,0.299,76.0 %,39.6 %,14.4 %,3.76,1.1,3.24,3.02,3.7
15038,German Marquez,Rockies,14,11,33,33,196,10.56,2.62,1.1,0.311,73.2 %,47.3 %,15.7 %,3.77,1.2,3.4,3.1,4.2
9132,Nathan Eovaldi,- - -,6,7,21,21,107.1,8.13,1.51,1.17,0.286,67.7 %,46.3 %,12.6 %,3.77,1.12,3.64,3.65,2.1
4972,Cole Hamels,- - -,9,12,32,32,190.2,8.87,3.07,1.37,0.291,76.1 %,45.0 %,17.5 %,3.78,1.26,4.49,3.95,2.2
13164,Eduardo Rodriguez,Red Sox,12,4,23,23,123.1,10,3.14,1.09,0.302,77.1 %,39.5 %,10.9 %,3.79,1.27,3.66,3.92,2
14168,Jose Berrios,Twins,12,11,32,32,192.1,9.45,2.85,1.17,0.27,75.8 %,41.5 %,12.8 %,3.84,1.14,3.9,3.89,3.3
18498,Kenta Maeda,Dodgers,6,7,20,20,107.2,10.62,3.34,0.92,0.309,72.0 %,40.3 %,11.1 %,3.85,1.27,3.3,3.49,2
16350,Ryan Borucki,Blue Jays,4,6,17,17,97.2,6.17,3.04,0.65,0.291,68.5 %,46.8 %,6.7 %,3.87,1.32,3.8,4.62,1.6
6249,Trevor Cahill,Athletics,6,4,20,20,106,8.32,3.4,0.68,0.284,67.3 %,53.7 %,10.5 %,3.91,1.22,3.54,3.74,2
16400,Reynaldo Lopez,White Sox,7,10,32,32,188.2,7.2,3.58,1.19,0.26,75.4 %,33.0 %,9.5 %,3.91,1.27,4.63,5.22,2.2
16943,Sean Newcomb,Braves,12,9,30,30,163.1,8.76,4.41,0.99,0.274,74.7 %,43.5 %,11.2 %,3.91,1.33,4.13,4.33,1.9
14107,Kevin Gausman,- - -,10,11,31,31,183.2,7.25,2.45,1.27,0.299,76.8 %,46.0 %,13.7 %,3.92,1.3,4.32,4.19,2.3
14120,Lance McCullers Jr.,Astros,10,6,22,22,126,9.86,3.57,0.86,0.281,69.2 %,54.8 %,13.6 %,3.93,1.19,3.57,3.48,2.3
11486,Robbie Ray,Diamondbacks,6,2,24,24,123.2,12.01,5.09,1.38,0.292,80.5 %,39.2 %,17.4 %,3.93,1.35,4.31,3.77,1
6895,Chase Anderson,Brewers,9,8,30,30,158,7.29,3.25,1.71,0.239,81.1 %,34.5 %,15.4 %,3.93,1.19,5.22,4.79,0.4
6797,Julio Teheran,Braves,9,9,31,31,175.2,8.3,4.3,1.33,0.217,75.6 %,38.0 %,13.5 %,3.94,1.17,4.83,4.72,0.7
15488,Antonio Senzatela,Rockies,4,5,13,13,73,6.78,2.96,0.99,0.286,75.8 %,43.4 %,10.7 %,3.95,1.3,4.15,4.42,1.1
14309,Frankie Montas,Athletics,5,4,11,11,63.2,6.08,2.97,0.71,0.329,69.7 %,43.3 %,7.6 %,3.96,1.48,3.91,4.61,0.9
4153,Jake Arrieta,Phillies,10,11,31,31,172.2,7.19,2.97,1.09,0.287,68.1 %,51.6 %,14.3 %,3.96,1.29,4.26,4.08,1.9
13361,Steven Matz,Mets,5,11,30,30,154,8.88,3.39,1.46,0.267,74.9 %,48.8 %,16.6 %,3.97,1.25,4.62,4.13,0.9
11589,Jose Urena,Marlins,9,12,31,31,174,6.72,2.64,0.98,0.272,73.2 %,49.6 %,11.5 %,3.98,1.18,4.17,4.32,1.7
15467,Marco Gonzales,Mariners,13,9,29,29,166.2,7.83,1.73,0.92,0.319,72.0 %,44.9 %,11.3 %,4,1.22,3.43,3.59,3.5
13403,Felix Pena,Angels,3,5,17,17,90,8.3,2.8,1,0.287,72.0 %,42.5 %,11.9 %,4,1.22,3.83,3.92,1.5
10190,Tyler Skaggs,Angels,8,10,24,24,125.1,9.26,2.87,1.01,0.328,73.5 %,44.2 %,11.5 %,4.02,1.33,3.63,3.79,2.3
11423,Jose Quintana,Cubs,13,11,32,32,174.1,8.16,3.51,1.29,0.282,76.8 %,43.2 %,14.7 %,4.03,1.32,4.43,4.18,1.6
12970,Joe Musgrove,Pirates,6,9,19,19,115.1,7.8,1.79,0.94,0.294,69.2 %,45.5 %,10.2 %,4.06,1.18,3.59,3.92,2.2
19320,Joey Lucchesi,Padres,8,9,26,26,130,10.04,2.98,1.59,0.306,78.0 %,44.7 %,20.4 %,4.08,1.29,4.31,3.45,1
9460,Dan Straily,Marlins,5,6,23,23,122.1,7.28,3.83,1.47,0.256,75.4 %,32.1 %,13.5 %,4.12,1.3,5.11,4.99,0.1
17085,Pablo Lopez,Marlins,2,4,10,10,58.2,7.06,2.76,1.23,0.281,74.9 %,50.0 %,15.7 %,4.14,1.26,4.49,4.15,0.4
15423,Andrew Heaney,Angels,9,10,30,30,180,9,2.25,1.35,0.294,71.4 %,41.2 %,15.2 %,4.15,1.2,3.99,3.68,2.7
14272,Brian Johnson,Red Sox,4,3,13,13,60.2,7.86,3.41,1.78,0.296,80.3 %,36.0 %,14.1 %,4.15,1.45,5.17,4.91,0.1
16137,Carlos Rodon,White Sox,6,8,20,20,120.2,6.71,4.1,1.12,0.242,72.0 %,41.5 %,9.9 %,4.18,1.26,4.95,5.4,0.8
10021,Mike Minor,Rangers,12,8,28,28,157,7.57,2.18,1.43,0.259,72.5 %,34.4 %,12.1 %,4.18,1.12,4.43,4.53,2.5
14875,Caleb Smith,Marlins,5,6,16,16,77.1,10.24,3.84,1.16,0.276,74.1 %,28.4 %,10.0 %,4.19,1.24,3.96,4.42,1.2
1994,Ivan Nova,Pirates,9,9,29,29,161,6.37,1.96,1.45,0.288,73.7 %,45.6 %,14.8 %,4.19,1.28,4.57,4.28,1.2
14374,Tyler Glasnow,Rays,1,5,11,11,55.2,10.35,3.07,1.62,0.248,74.0 %,43.9 %,20.8 %,4.2,1.1,4.38,3.47,0.6
7448,Gio Gonzalez,- - -,10,11,32,32,171,7.79,4.21,0.89,0.301,73.3 %,45.3 %,10.4 %,4.21,1.44,4.16,4.44,2.1
8753,Tanner Roark,Nationals,9,14,30,30,180,7.3,2.5,1.15,0.295,73.0 %,40.8 %,11.3 %,4.25,1.27,4.2,4.41,2.2
19427,Shane Bieber,Indians,11,4,19,19,110,9.57,1.72,0.9,0.356,70.2 %,45.3 %,10.6 %,4.25,1.3,2.96,3.22,2.9
6499,Blaine Hardy,Tigers,4,4,13,13,67.2,6.25,2.13,1.2,0.278,68.6 %,43.1 %,10.5 %,4.26,1.21,4.3,4.67,0.9
16561,Austin Gomber,Cardinals,5,2,11,11,57,8.37,3.47,0.79,0.341,74.1 %,40.5 %,8.3 %,4.26,1.51,3.7,4.3,1
5702,Junior Guerra,Brewers,6,9,26,26,135,8.53,3.67,1.27,0.314,72.5 %,42.4 %,13.1 %,4.27,1.44,4.41,4.35,1.4
2717,Rick Porcello,Red Sox,17,7,33,33,191.1,8.94,2.26,1.27,0.285,70.9 %,44.1 %,13.8 %,4.28,1.18,4.01,3.87,2.4
15689,Luis Castillo,Reds,10,12,31,31,169.2,8.75,2.6,1.49,0.282,71.2 %,45.9 %,17.9 %,4.3,1.22,4.32,3.69,2.1
6345,Chris Archer,- - -,6,8,27,27,148.1,9.83,2.97,1.15,0.338,72.5 %,44.6 %,14.1 %,4.31,1.38,3.75,3.59,2.6
19316,Eric Lauer,Padres,6,7,23,23,112,8.04,3.7,1.21,0.332,74.7 %,37.6 %,12.7 %,4.34,1.54,4.51,4.51,0.8
13774,Zach Eflin,Phillies,11,8,24,24,128,8.65,2.6,1.13,0.309,68.4 %,41.2 %,11.2 %,4.36,1.3,3.8,4.02,2.2
10130,Mike Leake,Mariners,10,10,31,31,185.2,5.77,1.65,1.11,0.306,69.4 %,48.7 %,12.6 %,4.36,1.3,4.14,4.15,2.3
13619,Jakob Junis,Royals,9,12,30,30,177,8.34,2.19,1.63,0.298,74.8 %,42.0 %,16.2 %,4.37,1.27,4.64,4.13,1.4
7872,Tyson Ross,- - -,7,9,23,23,129.1,7.72,3.76,1.11,0.274,71.8 %,45.0 %,15.2 %,4.38,1.31,4.47,4.2,0.9
15440,Matthew Boyd,Tigers,9,13,31,31,170.1,8.4,2.69,1.43,0.258,71.1 %,29.0 %,11.2 %,4.39,1.16,4.45,4.72,2.1
18679,Freddy Peralta,Brewers,6,4,14,14,73.2,11.12,4.76,0.98,0.236,68.1 %,30.9 %,9.4 %,4.4,1.15,3.85,4.35,1.1
19309,Trevor Richards,Marlins,4,9,25,25,126.1,9.26,3.85,1.07,0.309,72.3 %,35.8 %,10.9 %,4.42,1.39,4.05,4.3,1.3
8223,Brett Anderson,Athletics,4,5,17,17,80.1,5.27,1.46,1.12,0.307,69.2 %,55.6 %,15.2 %,4.48,1.28,4.17,3.91,0.9
18300,Andrew Suarez,Giants,7,13,29,29,160.1,7.3,2.53,1.29,0.302,70.5 %,51.3 %,17.8 %,4.49,1.3,4.3,3.77,1
6397,Jake Odorizzi,Twins,7,10,32,32,164.1,8.87,3.83,1.1,0.29,69.7 %,28.4 %,8.9 %,4.49,1.34,4.2,4.87,2.7
7059,James Shields,White Sox,7,15,33,33,204,6.79,3.35,1.5,0.26,70.5 %,35.4 %,12.8 %,4.5,1.29,5.07,5.05,1.2
9425,Doug Fister,Rangers,1,7,12,12,66,5.45,2.59,1.5,0.291,70.2 %,50.4 %,18.6 %,4.5,1.39,5.25,4.56,0.4
16980,Daniel Mengden,Athletics,6,6,17,17,96,5.63,1.88,1.59,0.247,67.3 %,39.4 %,14.7 %,4.5,1.16,4.9,4.59,0.5
4505,Jordan Zimmermann,Tigers,7,8,25,25,131.1,7.61,1.78,1.92,0.288,71.4 %,35.0 %,15.7 %,4.52,1.26,4.88,4.35,0.9
12880,Tyler Anderson,Rockies,7,9,32,32,176,8.39,3.02,1.53,0.281,71.9 %,36.7 %,15.2 %,4.55,1.27,4.57,4.21,1.9
14975,Chad Kuhl,Pirates,5,5,16,16,85,8.58,3.49,1.48,0.311,74.3 %,36.2 %,15.4 %,4.55,1.44,4.7,4.33,0.5
17466,Heath Fillmyer,Royals,4,2,13,13,71,6.34,3.42,1.14,0.292,70.9 %,45.5 %,13.2 %,4.56,1.38,4.63,4.56,0.6
13942,Brent Suter,Brewers,7,7,18,18,94.2,7.42,1.71,1.52,0.284,67.7 %,33.3 %,14.7 %,4.56,1.2,4.38,4.08,1.1
11479,Bryan Mitchell,Padres,2,4,11,11,56.2,4.92,5.4,1.27,0.289,78.8 %,50.8 %,16.7 %,4.61,1.66,5.76,5.32,-0.2
3201,Francisco Liriano,Tigers,5,12,26,26,131.2,7.45,4.92,1.3,0.284,67.3 %,48.3 %,16.4 %,4.65,1.5,5.14,4.71,0.4
16918,Luke Weaver,Cardinals,6,11,25,25,129.1,8.07,3.41,1.11,0.315,70.8 %,42.2 %,11.4 %,4.66,1.44,4.18,4.36,1.6
6986,Ian Kennedy,Royals,3,9,22,22,119.2,7.9,3.01,1.5,0.298,72.5 %,29.9 %,12.5 %,4.66,1.38,4.61,4.64,1
13420,Matt Koch,Diamondbacks,5,5,14,14,77,4.56,2.57,2.22,0.264,80.3 %,43.1 %,21.8 %,4.68,1.35,6.45,5.11,-1
15885,Fernando Romero,Twins,3,3,11,11,55.2,7.28,3.07,0.97,0.318,70.9 %,46.2 %,11.1 %,4.69,1.42,4.35,4.55,0.7
13218,Michael Fulmer,Tigers,3,12,24,24,132.1,7.48,3.13,1.29,0.288,68.2 %,44.2 %,14.5 %,4.69,1.31,4.52,4.29,1.4
13761,Chris Stratton,Giants,10,10,26,26,141.2,6.92,3.24,1.08,0.301,68.3 %,42.7 %,12.2 %,4.7,1.38,4.3,4.37,0.9
11713,Matt Harvey,- - -,7,9,28,28,149,7.73,1.93,1.51,0.3,72.1 %,43.0 %,14.8 %,4.71,1.28,4.39,4.08,1.8
13677,Corey Oswalt,Mets,2,3,12,12,55.1,6.34,2.77,1.95,0.265,77.7 %,42.8 %,18.2 %,4.72,1.32,5.66,4.81,-0.2
12385,Nick Tropeano,Angels,5,6,14,14,76,7.58,3.67,1.89,0.256,76.3 %,37.0 %,18.0 %,4.74,1.3,5.52,4.71,-0.1
14862,Zack Godley,Diamondbacks,15,11,32,32,177.1,9.29,4.06,0.81,0.323,67.2 %,49.0 %,11.4 %,4.77,1.44,3.83,3.96,2.4
13183,Zach Davies,Brewers,2,7,13,13,66,6.68,2.86,1.09,0.298,69.3 %,47.5 %,13.1 %,4.77,1.33,4.39,4.34,0.5
13071,Wei-Yin Chen,Marlins,6,12,26,26,133.1,7.49,3.17,1.28,0.284,68.2 %,37.0 %,10.9 %,4.79,1.34,4.43,4.73,1.1
15454,Nick Pivetta,Phillies,6,14,32,32,163,10.33,2.76,1.33,0.328,68.9 %,46.7 %,15.9 %,4.8,1.31,3.79,3.41,2.8
16130,David Hess,Orioles,3,10,19,19,100.1,6.28,3.23,1.88,0.27,72.3 %,35.0 %,14.0 %,4.84,1.4,5.77,5.52,0
3542,Danny Duffy,Royals,8,12,28,28,155,8.19,4.06,1.34,0.304,73.5 %,35.4 %,11.4 %,4.88,1.49,4.7,4.92,1.2
11189,Vince Velasquez,Phillies,8,12,30,30,145.2,9.89,3.58,0.99,0.316,66.5 %,37.8 %,10.2 %,4.88,1.34,3.75,4.1,2.6
11490,Aaron Sanchez,Blue Jays,4,6,20,20,105,7.37,4.97,0.94,0.304,70.1 %,49.1 %,10.8 %,4.89,1.56,4.74,4.98,0.6
6562,Alex Cobb,Orioles,5,15,28,28,152.1,6.03,2.54,1.42,0.303,68.0 %,49.5 %,15.1 %,4.9,1.41,4.8,4.47,1.4
4662,Brandon McCarthy,Braves,6,3,15,15,78.2,7.44,2.4,1.72,0.332,74.5 %,48.0 %,21.7 %,4.92,1.46,4.79,3.76,0.2
13050,Anthony DeSclafani,Reds,7,8,21,21,115,8.45,2.35,1.88,0.294,70.5 %,41.5 %,19.8 %,4.93,1.29,4.83,3.86,0.8
2520,Lance Lynn,- - -,9,10,29,29,149.1,9.16,4.52,0.84,0.335,69.5 %,50.0 %,12.2 %,4.94,1.55,3.97,4.02,2.6
16358,Tyler Mahle,Reds,7,9,23,23,112,8.84,4.26,1.77,0.323,75.2 %,38.7 %,18.5 %,4.98,1.59,5.25,4.45,0.3
14916,Jon Gray,Rockies,12,9,31,31,172.1,9.56,2.72,1.41,0.322,67.9 %,47.5 %,18.1 %,5.12,1.35,4.08,3.47,2.5
14361,Ty Blach,Giants,3,6,13,13,64.2,4.87,3.48,0.7,0.33,65.0 %,56.7 %,10.4 %,5.15,1.59,4.29,4.51,0.4
4338,Tyler Chatwood,Cubs,4,6,20,20,96,7.69,8.25,0.84,0.284,73.8 %,54.2 %,12.3 %,5.16,1.79,5.61,5.65,-0.3
12768,Sonny Gray,Yankees,9,9,23,23,113,8.6,3.98,1.04,0.323,68.4 %,48.7 %,13.4 %,5.26,1.5,4.26,4.18,1.5
10587,Chad Bettis,Rockies,5,2,20,20,109,6.28,3.72,1.4,0.28,69.3 %,48.5 %,15.9 %,5.28,1.41,5.14,4.74,0.3
8782,Andrew Cashner,Orioles,4,15,28,28,153,5.82,3.82,1.47,0.311,70.5 %,40.4 %,13.6 %,5.29,1.58,5.32,5.19,0.6
15846,Adam Plutko,Indians,4,5,12,12,68,7.01,2.65,2.25,0.255,74.8 %,26.7 %,14.0 %,5.29,1.28,5.78,5.47,-0.1
16155,Eric Skoglund,Royals,1,6,13,13,68,6.35,2.38,1.59,0.259,66.0 %,41.2 %,14.1 %,5.29,1.21,5.1,4.87,0.2
11694,Nick Kingham,Pirates,5,7,15,15,71,8.24,3.04,2.15,0.281,70.2 %,39.7 %,19.8 %,5.32,1.41,5.67,4.56,-0.3
3551,Clayton Richard,Padres,7,11,27,27,158.2,6.13,3.4,1.08,0.289,64.7 %,56.8 %,17.8 %,5.33,1.38,4.68,4.24,0.6
12778,Sam Gaviglio,Blue Jays,2,10,24,24,119.1,7.47,2.79,1.58,0.316,68.6 %,49.3 %,17.4 %,5.43,1.47,4.8,4.18,0.5
12917,Dylan Bundy,Orioles,8,16,31,31,171.2,9.65,2.83,2.15,0.316,69.3 %,34.0 %,17.8 %,5.45,1.41,5.17,4.28,0.9
13690,Sal Romano,Reds,7,10,25,25,131.1,6.44,3.36,1.51,0.287,67.8 %,45.0 %,15.4 %,5.48,1.45,5.1,4.72,0.6
14825,Dylan Covey,White Sox,4,12,21,21,109.2,6.89,3.94,0.98,0.308,59.8 %,55.0 %,13.6 %,5.5,1.52,4.42,4.32,1.1
13431,Marcus Stroman,Blue Jays,4,9,19,19,102.1,6.77,3.17,0.79,0.326,60.5 %,62.1 %,13.6 %,5.54,1.48,3.91,3.84,1.4
17425,Erick Fedde,Nationals,2,4,11,11,50.1,8.23,3.93,1.43,0.333,69.9 %,53.1 %,22.2 %,5.54,1.53,4.71,3.83,0.2
13699,Jake Faria,Rays,3,4,12,12,53.1,6.92,4.22,1.52,0.258,67.8 %,33.1 %,12.9 %,5.57,1.37,5.39,5.37,0
1118,Marco Estrada,Blue Jays,7,14,28,28,143.2,6.45,3.13,1.82,0.284,69.7 %,24.0 %,11.2 %,5.64,1.43,5.44,5.79,0.3
4772,Felix Hernandez,Mariners,8,13,28,28,150,7.38,3.42,1.56,0.288,63.2 %,46.5 %,16.6 %,5.64,1.41,5.15,4.63,0.3
375,Bartolo Colon,Rangers,7,12,24,24,139.1,4.84,1.61,1.94,0.283,66.9 %,41.8 %,17.2 %,5.68,1.34,5.49,4.75,0.5
8173,Yovani Gallardo,Rangers,8,8,18,18,92,5.48,4.21,1.27,0.298,66.8 %,44.7 %,13.3 %,5.77,1.54,5.25,5.17,0.6
8044,Jason Vargas,Mets,7,9,20,20,92,8.22,2.93,1.76,0.307,68.3 %,39.4 %,16.7 %,5.77,1.41,5.02,4.42,0.2
8362,Homer Bailey,Reds,1,14,20,20,106.1,6.35,2.79,1.95,0.327,65.4 %,42.6 %,18.7 %,6.09,1.64,5.55,4.65,-0.1
15474,Lucas Giolito,White Sox,10,13,32,32,173.1,6.49,4.67,1.4,0.268,63.5 %,44.4 %,13.4 %,6.13,1.48,5.56,5.46,-0.1
4538,Jason Hammel,Royals,2,11,18,18,102.1,5.8,2.73,1.23,0.337,62.0 %,37.3 %,9.5 %,6.16,1.61,4.65,5.24,0.8
17149,Domingo German,Yankees,2,5,14,14,68.1,10.4,3.42,1.71,0.296,60.9 %,39.6 %,16.5 %,6.19,1.35,4.68,4.12,0.6
10354,Robbie Erlin,Padres,3,6,12,12,56.1,7.03,1.28,1.28,0.349,53.7 %,40.5 %,13.1 %,6.23,1.46,3.87,3.81,0.9
11426,Drew Pomeranz,Red Sox,1,5,11,11,51.1,7.71,5.61,1.75,0.336,71.6 %,38.5 %,15.6 %,6.31,1.81,5.97,5.49,-0.4
8137,Jaime Garcia,- - -,2,7,14,14,61.2,8.32,4.96,1.75,0.317,65.0 %,42.3 %,16.2 %,6.57,1.67,5.64,5.09,-0.2
6902,Martin Perez,Rangers,2,7,15,15,74.1,5.45,3.75,1.82,0.358,64.7 %,49.4 %,19.0 %,6.78,1.86,5.91,5.04,-0.1
15655,Yefry Ramirez,Orioles,1,8,12,12,53.1,8.94,5.4,1.86,0.304,65.3 %,32.1 %,14.7 %,6.92,1.65,5.88,5.52,0
1890,Matt Moore,Rangers,1,5,12,12,55,6.71,4.25,1.31,0.395,59.6 %,38.0 %,9.2 %,8.02,2.05,5.2,5.92,0.4
